level_0,index,frame,SMU,ARG,KE,CF,CO,STR,ITO,CQ,group,STR_bi,ARG_bi,KE_bi,CO_bi,CF_bi,SMU_bi,ITO_bi
0,0,0,1,0,1,1,1,1,0,5,381,1,0,1,1,1,1,0
1,1,1,2,0,2,2,2,1,1,10,381,1,0,1,1,1,1,1
2,2,2,2,0,2,2,2,1,1,10,381,1,0,1,1,1,1,1
3,3,3,2,0,1,2,2,1,1,9,381,1,0,1,1,1,1,1
4,4,4,0,0,0,1,2,1,0,4,381,1,0,0,1,1,0,0
5,5,5,0,0,0,1,1,1,0,3,381,1,0,0,1,1,0,0
6,6,6,1,0,1,1,1,2,1,7,381,1,0,1,1,1,1,1
7,7,7,1,0,1,1,1,2,0,6,381,1,0,1,1,1,1,0
8,8,8,1,0,1,1,1,2,1,7,381,1,0,1,1,1,1,1
9,9,9,2,0,1,1,1,2,1,8,381,1,0,1,1,1,1,1
10,10,10,2,1,2,2,2,2,1,12,381,1,1,1,1,1,1,1
11,11,11,2,0,1,2,2,2,1,10,381,1,0,1,1,1,1,1
12,12,12,2,1,2,2,2,2,1,12,381,1,1,1,1,1,1,1
13,13,13,2,1,2,2,2,2,1,12,381,1,1,1,1,1,1,1
14,14,14,2,0,2,2,2,2,1,11,381,1,0,1,1,1,1,1
15,15,15,2,1,2,2,2,2,2,13,381,1,1,1,1,1,1,1
16,16,16,2,1,2,2,2,2,1,12,381,1,1,1,1,1,1,1
17,17,17,2,1,2,2,2,2,1,12,381,1,1,1,1,1,1,1
18,18,18,2,0,2,2,2,2,1,11,381,1,0,1,1,1,1,1
19,19,19,0,0,0,2,2,2,1,7,381,1,0,0,1,1,0,1
20,20,20,2,0,2,2,2,2,1,11,381,1,0,1,1,1,1,1
21,21,21,2,0,2,2,2,2,1,11,381,1,0,1,1,1,1,1
22,22,22,2,1,2,2,2,2,1,12,381,1,1,1,1,1,1,1
23,23,23,0,0,0,1,1,2,0,4,381,1,0,0,1,1,0,0
24,24,24,2,0,2,2,2,2,1,11,381,1,0,1,1,1,1,1
25,25,25,0,0,0,1,1,1,0,3,381,1,0,0,1,1,0,0
26,26,26,2,0,2,2,2,2,2,12,381,1,0,1,1,1,1,1
27,27,27,2,0,2,2,2,2,1,11,381,1,0,1,1,1,1,1
28,28,28,1,0,0,0,1,0,0,2,381,0,0,0,1,0,1,0
29,29,29,2,0,2,2,2,2,0,10,381,1,0,1,1,1,1,0
30,30,30,0,0,1,0,0,2,0,3,381,1,0,1,0,0,0,0
31,31,31,2,0,2,2,2,2,1,11,381,1,0,1,1,1,1,1
32,32,32,0,0,1,2,2,2,0,7,381,1,0,1,1,1,0,0
33,33,33,1,0,1,1,1,1,0,5,381,1,0,1,1,1,1,0
34,34,34,2,0,2,2,2,2,1,11,381,1,0,1,1,1,1,1
35,35,35,2,0,2,2,2,2,1,11,381,1,0,1,1,1,1,1
36,36,36,1,0,1,1,2,1,0,6,381,1,0,1,1,1,1,0
37,37,37,2,0,2,1,1,1,0,7,381,1,0,1,1,1,1,0
38,38,38,2,0,2,2,2,2,2,12,381,1,0,1,1,1,1,1
39,39,39,2,2,2,2,2,2,0,12,381,1,1,1,1,1,1,0
40,40,40,2,2,2,2,2,2,1,13,381,1,1,1,1,1,1,1
41,41,41,0,0,0,1,1,1,0,3,381,1,0,0,1,1,0,0
42,42,42,2,0,2,2,2,2,1,11,381,1,0,1,1,1,1,1
43,43,43,2,0,2,2,2,2,1,11,381,1,0,1,1,1,1,1
44,44,44,0,0,0,1,2,2,0,5,381,1,0,0,1,1,0,0
45,45,45,2,0,2,1,1,1,1,8,381,1,0,1,1,1,1,1
46,46,46,2,0,2,2,1,2,0,9,381,1,0,1,1,1,1,0
47,47,47,2,0,1,1,1,1,1,7,381,1,0,1,1,1,1,1
48,48,48,2,0,2,1,1,1,1,8,381,1,0,1,1,1,1,1
49,49,49,0,0,0,1,1,1,0,3,381,1,0,0,1,1,0,0
50,50,50,2,0,2,1,1,1,1,8,381,1,0,1,1,1,1,1
51,51,51,0,0,0,0,0,0,0,0,381,0,0,0,0,0,0,0
52,52,52,2,0,2,2,2,2,1,11,381,1,0,1,1,1,1,1
53,53,53,2,0,2,0,0,0,0,4,381,0,0,1,0,0,1,0
54,54,54,0,0,1,0,0,0,0,1,381,0,0,1,0,0,0,0
55,55,55,1,0,2,1,1,1,0,6,381,1,0,1,1,1,1,0
56,56,56,0,0,2,0,0,1,0,3,381,1,0,1,0,0,0,0
57,57,57,1,0,1,0,0,0,0,2,381,0,0,1,0,0,1,0
58,58,58,1,0,1,0,0,0,0,2,381,0,0,1,0,0,1,0
59,59,59,1,0,1,0,0,0,0,2,381,0,0,1,0,0,1,0
60,60,60,1,0,1,0,0,0,0,2,381,0,0,1,0,0,1,0
61,61,61,1,0,1,0,0,0,0,2,381,0,0,1,0,0,1,0
62,62,62,1,0,1,0,0,0,0,2,381,0,0,1,0,0,1,0
63,63,63,1,0,1,0,0,0,0,2,381,0,0,1,0,0,1,0
64,64,64,1,0,1,0,0,0,0,2,381,0,0,1,0,0,1,0
65,0,0,0,0,0,0,0,0,0,0,382,0,0,0,0,0,0,0
66,1,1,1,0,1,1,1,1,1,6,382,1,0,1,1,1,1,1
67,2,2,1,1,1,1,1,1,1,7,382,1,1,1,1,1,1,1
68,3,3,1,1,1,1,1,1,1,7,382,1,1,1,1,1,1,1
69,4,4,0,0,0,1,1,1,1,4,382,1,0,0,1,1,0,1
70,5,5,1,1,1,1,1,1,1,7,382,1,1,1,1,1,1,1
71,6,6,1,1,1,1,1,1,1,7,382,1,1,1,1,1,1,1
72,7,7,1,1,1,1,1,1,1,7,382,1,1,1,1,1,1,1
73,8,8,1,1,1,1,1,1,1,7,382,1,1,1,1,1,1,1
74,9,9,2,2,2,2,2,2,2,14,382,1,1,1,1,1,1,1
75,10,10,2,1,1,2,2,2,2,12,382,1,1,1,1,1,1,1
76,11,11,2,0,0,2,2,2,1,9,382,1,0,0,1,1,1,1
77,12,12,2,2,2,2,2,2,2,14,382,1,1,1,1,1,1,1
78,13,13,2,2,2,2,2,2,2,14,382,1,1,1,1,1,1,1
79,14,14,2,2,2,2,2,2,2,14,382,1,1,1,1,1,1,1
80,15,15,2,2,2,2,2,2,1,13,382,1,1,1,1,1,1,1
81,16,16,2,2,2,2,2,2,2,14,382,1,1,1,1,1,1,1
82,17,17,2,0,0,1,1,1,1,6,382,1,0,0,1,1,1,1
83,18,18,2,0,0,1,1,1,1,6,382,1,0,0,1,1,1,1
84,19,19,2,0,0,1,1,1,1,6,382,1,0,0,1,1,1,1
85,20,20,2,0,0,1,1,1,1,6,382,1,0,0,1,1,1,1
86,21,21,2,2,2,2,2,2,2,14,382,1,1,1,1,1,1,1
87,22,22,2,2,2,2,2,2,2,14,382,1,1,1,1,1,1,1
88,23,23,2,2,2,2,2,2,2,14,382,1,1,1,1,1,1,1
89,24,24,2,2,2,2,2,2,2,14,382,1,1,1,1,1,1,1
90,25,25,2,2,2,2,2,2,2,14,382,1,1,1,1,1,1,1
91,26,26,2,2,2,2,2,2,2,14,382,1,1,1,1,1,1,1
92,27,27,2,2,2,2,2,2,2,14,382,1,1,1,1,1,1,1
93,28,28,2,2,2,2,2,2,2,14,382,1,1,1,1,1,1,1
94,29,29,2,2,2,2,2,2,2,14,382,1,1,1,1,1,1,1
95,30,30,2,2,2,2,2,2,2,14,382,1,1,1,1,1,1,1
96,31,31,2,1,1,2,2,2,2,12,382,1,1,1,1,1,1,1
97,32,32,2,1,1,2,2,2,2,12,382,1,1,1,1,1,1,1
98,33,33,2,2,2,2,2,2,2,14,382,1,1,1,1,1,1,1
99,34,34,2,2,2,2,2,2,2,14,382,1,1,1,1,1,1,1
100,35,35,2,2,2,2,2,2,2,14,382,1,1,1,1,1,1,1
101,36,36,2,0,1,2,2,2,2,11,382,1,0,1,1,1,1,1
102,37,37,2,2,2,2,2,2,2,14,382,1,1,1,1,1,1,1
103,38,38,2,2,2,2,2,2,1,13,382,1,1,1,1,1,1,1
104,39,39,2,2,2,2,2,2,2,14,382,1,1,1,1,1,1,1
105,40,40,2,2,2,2,2,2,2,14,382,1,1,1,1,1,1,1
106,41,41,2,2,2,2,2,2,1,13,382,1,1,1,1,1,1,1
107,42,42,2,2,2,2,2,2,1,13,382,1,1,1,1,1,1,1
108,43,43,2,2,2,2,2,2,2,14,382,1,1,1,1,1,1,1
109,44,44,2,0,0,2,2,2,2,10,382,1,0,0,1,1,1,1
110,45,45,2,0,0,2,2,2,2,10,382,1,0,0,1,1,1,1
111,46,46,2,0,0,2,2,2,2,10,382,1,0,0,1,1,1,1
112,47,47,2,0,0,2,2,2,2,10,382,1,0,0,1,1,1,1
113,48,48,2,0,0,2,2,2,2,10,382,1,0,0,1,1,1,1
114,49,49,2,0,1,2,2,2,2,11,382,1,0,1,1,1,1,1
115,50,50,2,0,1,2,2,2,2,11,382,1,0,1,1,1,1,1
116,51,51,2,0,1,2,2,2,2,11,382,1,0,1,1,1,1,1
117,52,52,2,0,0,2,2,2,2,10,382,1,0,0,1,1,1,1
118,53,53,2,0,1,2,2,2,2,11,382,1,0,1,1,1,1,1
119,54,54,2,0,1,2,2,2,2,11,382,1,0,1,1,1,1,1
120,55,55,2,0,1,2,2,2,2,11,382,1,0,1,1,1,1,1
121,56,56,2,1,1,2,2,2,2,12,382,1,1,1,1,1,1,1
122,57,57,2,1,1,2,2,2,2,12,382,1,1,1,1,1,1,1
123,0,0,2,0,2,2,2,2,2,12,383,1,0,1,1,1,1,1
124,1,1,2,0,2,2,2,2,1,11,383,1,0,1,1,1,1,1
125,2,2,2,0,2,1,2,2,2,11,383,1,0,1,1,1,1,1
126,3,3,0,0,0,2,2,2,1,7,383,1,0,0,1,1,0,1
127,4,4,0,0,0,2,2,2,1,7,383,1,0,0,1,1,0,1
128,5,5,0,0,0,2,2,2,1,7,383,1,0,0,1,1,0,1
129,6,6,0,0,0,2,2,2,1,7,383,1,0,0,1,1,0,1
130,7,7,2,0,2,2,2,2,2,12,383,1,0,1,1,1,1,1
131,8,8,0,0,0,1,1,2,2,6,383,1,0,0,1,1,0,1
132,9,9,2,0,2,2,2,2,1,11,383,1,0,1,1,1,1,1
133,10,10,0,0,0,1,1,2,1,5,383,1,0,0,1,1,0,1
134,11,11,0,0,0,1,1,2,1,5,383,1,0,0,1,1,0,1
135,12,12,0,0,1,1,1,2,1,6,383,1,0,1,1,1,0,1
136,13,13,2,0,2,2,2,2,1,11,383,1,0,1,1,1,1,1
137,14,14,2,0,2,2,2,2,1,11,383,1,0,1,1,1,1,1
138,15,15,0,0,0,1,1,2,0,4,383,1,0,0,1,1,0,0
139,16,16,0,0,0,1,1,2,0,4,383,1,0,0,1,1,0,0
140,17,17,0,0,0,1,1,2,1,5,383,1,0,0,1,1,0,1
141,18,18,1,0,1,1,1,2,1,7,383,1,0,1,1,1,1,1
142,19,19,1,0,1,1,1,2,0,6,383,1,0,1,1,1,1,0
143,20,20,0,0,0,1,1,2,0,4,383,1,0,0,1,1,0,0
144,21,21,0,0,0,1,1,2,0,4,383,1,0,0,1,1,0,0
145,22,22,0,0,0,1,1,2,0,4,383,1,0,0,1,1,0,0
146,23,23,0,0,0,0,0,1,0,1,383,1,0,0,0,0,0,0
147,24,24,0,0,0,0,0,1,0,1,383,1,0,0,0,0,0,0
148,25,25,0,0,0,1,0,1,0,2,383,1,0,0,0,1,0,0
149,26,26,0,0,0,1,0,1,0,2,383,1,0,0,0,1,0,0
150,27,27,0,0,0,0,0,0,0,0,383,0,0,0,0,0,0,0
151,28,28,0,0,0,0,0,0,0,0,383,0,0,0,0,0,0,0
152,29,29,0,0,0,0,0,0,0,0,383,0,0,0,0,0,0,0
153,30,30,0,0,0,0,0,0,0,0,383,0,0,0,0,0,0,0
154,31,31,0,0,1,0,0,0,0,1,383,0,0,1,0,0,0,0
155,32,32,2,0,2,1,1,1,1,8,383,1,0,1,1,1,1,1
156,33,33,0,0,0,0,0,0,0,0,383,0,0,0,0,0,0,0
157,34,34,2,0,2,1,1,1,1,8,383,1,0,1,1,1,1,1
158,35,35,2,0,2,1,1,1,1,8,383,1,0,1,1,1,1,1
159,36,36,0,0,0,0,0,0,0,0,383,0,0,0,0,0,0,0
160,37,37,0,0,0,0,0,0,0,0,383,0,0,0,0,0,0,0
161,38,38,0,0,0,0,0,0,0,0,383,0,0,0,0,0,0,0
162,39,39,0,0,0,0,0,0,0,0,383,0,0,0,0,0,0,0
163,40,40,0,0,0,0,0,0,0,0,383,0,0,0,0,0,0,0
164,41,41,0,0,0,0,0,0,0,0,383,0,0,0,0,0,0,0
165,42,42,0,0,0,0,0,0,0,0,383,0,0,0,0,0,0,0
166,43,43,0,0,0,0,0,0,0,0,383,0,0,0,0,0,0,0
167,44,44,0,0,0,0,0,0,0,0,383,0,0,0,0,0,0,0
168,45,45,0,0,0,0,0,0,0,0,383,0,0,0,0,0,0,0
169,46,46,0,0,0,0,0,0,0,0,383,0,0,0,0,0,0,0
170,47,47,0,0,0,0,0,0,0,0,383,0,0,0,0,0,0,0
171,48,48,0,0,0,0,0,0,0,0,383,0,0,0,0,0,0,0
172,49,49,2,0,2,1,1,1,1,8,383,1,0,1,1,1,1,1
173,50,50,0,0,0,0,0,0,0,0,383,0,0,0,0,0,0,0
174,51,51,0,0,0,0,0,0,0,0,383,0,0,0,0,0,0,0
175,52,52,0,0,0,0,0,0,0,0,383,0,0,0,0,0,0,0
176,53,53,0,0,0,0,0,0,0,0,383,0,0,0,0,0,0,0
177,54,54,0,0,0,1,1,1,0,3,383,1,0,0,1,1,0,0
178,55,55,0,0,1,0,1,1,0,3,383,1,0,1,1,0,0,0
179,56,56,2,0,2,2,2,2,1,11,383,1,0,1,1,1,1,1
180,57,57,2,0,2,2,2,2,1,11,383,1,0,1,1,1,1,1
181,58,58,1,0,1,1,1,1,0,5,383,1,0,1,1,1,1,0
182,59,59,0,0,0,0,0,0,0,0,383,0,0,0,0,0,0,0
183,60,60,0,0,0,0,0,0,0,0,383,0,0,0,0,0,0,0
184,61,61,0,0,0,0,0,0,0,0,383,0,0,0,0,0,0,0
185,62,62,0,0,0,0,0,0,0,0,383,0,0,0,0,0,0,0
186,63,63,0,0,0,0,0,0,0,0,383,0,0,0,0,0,0,0
187,64,64,0,0,0,0,0,0,0,0,383,0,0,0,0,0,0,0
188,65,65,0,0,0,0,0,0,0,0,383,0,0,0,0,0,0,0
189,66,66,0,0,0,0,0,0,0,0,383,0,0,0,0,0,0,0
190,67,67,0,0,0,0,0,0,0,0,383,0,0,0,0,0,0,0
191,68,68,0,0,0,0,0,0,0,0,383,0,0,0,0,0,0,0
192,69,69,0,0,0,0,0,0,0,0,383,0,0,0,0,0,0,0
62,0,0,0,0,0,0,0,0,0,0,392,0,0,0,0,0,0,0
63,1,1,2,2,2,2,2,2,2,14,392,1,1,1,1,1,1,1
64,2,2,2,0,1,2,2,2,2,11,392,1,0,1,1,1,1,1
65,3,3,2,2,2,2,2,2,2,14,392,1,1,1,1,1,1,1
66,4,4,2,2,2,2,2,2,2,14,392,1,1,1,1,1,1,1
67,5,5,2,2,2,2,2,2,2,14,392,1,1,1,1,1,1,1
68,6,6,2,1,2,2,2,2,2,13,392,1,1,1,1,1,1,1
69,7,7,2,0,0,2,2,2,2,10,392,1,0,0,1,1,1,1
70,8,8,2,0,0,2,2,2,2,10,392,1,0,0,1,1,1,1
71,9,9,2,1,2,2,2,2,2,13,392,1,1,1,1,1,1,1
72,10,10,2,2,2,2,2,2,2,14,392,1,1,1,1,1,1,1
73,11,11,2,2,2,2,2,2,2,14,392,1,1,1,1,1,1,1
74,12,12,2,2,2,2,2,2,2,14,392,1,1,1,1,1,1,1
75,13,13,2,2,2,2,2,2,2,14,392,1,1,1,1,1,1,1
76,14,14,2,1,1,2,2,2,1,11,392,1,1,1,1,1,1,1
77,15,15,2,2,2,2,2,2,2,14,392,1,1,1,1,1,1,1
78,16,16,2,2,2,2,2,2,2,14,392,1,1,1,1,1,1,1
79,17,17,2,1,1,2,2,2,2,12,392,1,1,1,1,1,1,1
80,18,18,2,2,2,2,2,2,2,14,392,1,1,1,1,1,1,1
81,19,19,2,1,1,2,2,2,2,12,392,1,1,1,1,1,1,1
82,20,20,2,2,2,2,2,2,2,14,392,1,1,1,1,1,1,1
83,21,21,2,1,2,2,2,2,2,13,392,1,1,1,1,1,1,1
84,22,22,2,0,1,2,2,2,2,11,392,1,0,1,1,1,1,1
85,23,23,2,2,2,2,2,2,2,14,392,1,1,1,1,1,1,1
86,24,24,2,2,2,2,2,2,2,14,392,1,1,1,1,1,1,1
87,25,25,2,2,2,2,2,2,2,14,392,1,1,1,1,1,1,1
88,26,26,2,0,1,2,2,2,2,11,392,1,0,1,1,1,1,1
89,27,27,2,1,1,2,2,2,2,12,392,1,1,1,1,1,1,1
90,28,28,2,2,2,2,2,2,2,14,392,1,1,1,1,1,1,1
91,29,29,2,0,0,2,2,2,2,10,392,1,0,0,1,1,1,1
92,30,30,2,0,0,2,2,2,2,10,392,1,0,0,1,1,1,1
93,31,31,2,2,2,2,2,2,2,14,392,1,1,1,1,1,1,1
94,32,32,2,0,1,2,2,2,2,11,392,1,0,1,1,1,1,1
95,33,33,2,0,1,2,2,2,2,11,392,1,0,1,1,1,1,1
96,34,34,2,0,0,2,2,2,2,10,392,1,0,0,1,1,1,1
97,35,35,2,0,0,2,2,2,2,10,392,1,0,0,1,1,1,1
98,36,36,2,2,2,2,2,2,2,14,392,1,1,1,1,1,1,1
99,37,37,2,2,2,2,2,2,2,14,392,1,1,1,1,1,1,1
100,38,38,2,2,2,2,2,2,2,14,392,1,1,1,1,1,1,1
101,39,39,2,1,1,2,2,2,2,12,392,1,1,1,1,1,1,1
102,40,40,2,0,1,2,2,2,2,11,392,1,0,1,1,1,1,1
103,41,41,2,1,1,2,2,2,2,12,392,1,1,1,1,1,1,1
104,42,42,2,2,1,2,2,2,2,13,392,1,1,1,1,1,1,1
105,43,43,2,2,2,2,2,2,2,14,392,1,1,1,1,1,1,1
106,44,44,2,0,1,2,2,2,2,11,392,1,0,1,1,1,1,1
107,45,45,2,0,1,2,2,2,2,11,392,1,0,1,1,1,1,1
108,46,46,2,0,1,2,2,2,2,11,392,1,0,1,1,1,1,1
109,47,47,2,0,1,2,2,2,2,11,392,1,0,1,1,1,1,1
110,48,48,2,2,2,2,2,2,2,14,392,1,1,1,1,1,1,1
111,49,49,2,0,0,2,2,2,2,10,392,1,0,0,1,1,1,1
112,50,50,2,0,0,2,2,1,2,9,392,1,0,0,1,1,1,1
113,51,51,2,0,0,2,2,1,2,9,392,1,0,0,1,1,1,1
114,52,52,2,0,0,2,2,1,2,9,392,1,0,0,1,1,1,1
115,53,53,2,0,0,2,2,1,2,9,392,1,0,0,1,1,1,1
116,54,54,2,2,2,2,2,2,2,14,392,1,1,1,1,1,1,1
117,55,55,2,0,1,2,2,2,2,11,392,1,0,1,1,1,1,1
118,56,56,2,0,0,2,2,2,2,10,392,1,0,0,1,1,1,1
119,57,57,2,0,0,2,2,2,2,10,392,1,0,0,1,1,1,1
120,58,58,2,0,0,2,2,2,2,10,392,1,0,0,1,1,1,1
121,59,59,2,2,2,2,2,2,2,14,392,1,1,1,1,1,1,1
122,60,60,2,0,0,2,2,2,2,10,392,1,0,0,1,1,1,1
123,61,61,2,0,1,2,2,2,2,11,392,1,0,1,1,1,1,1
124,62,62,2,0,0,2,2,2,2,10,392,1,0,0,1,1,1,1
125,63,63,2,0,0,2,2,2,2,10,392,1,0,0,1,1,1,1
126,64,64,2,2,2,2,2,2,2,14,392,1,1,1,1,1,1,1
127,65,65,2,0,1,2,2,2,2,11,392,1,0,1,1,1,1,1
128,66,66,2,1,1,2,2,2,2,12,392,1,1,1,1,1,1,1
129,67,67,2,1,1,2,2,2,2,12,392,1,1,1,1,1,1,1
130,68,68,2,1,1,2,2,2,2,12,392,1,1,1,1,1,1,1
131,69,69,2,1,2,2,2,2,2,13,392,1,1,1,1,1,1,1
132,70,70,2,2,2,2,2,2,2,14,392,1,1,1,1,1,1,1
133,71,71,2,2,2,2,2,2,2,14,392,1,1,1,1,1,1,1
134,72,72,2,2,2,2,2,2,2,14,392,1,1,1,1,1,1,1
135,73,73,2,2,2,2,2,2,2,14,392,1,1,1,1,1,1,1
136,74,74,2,0,1,2,2,2,2,11,392,1,0,1,1,1,1,1
137,75,75,2,2,2,2,2,2,2,14,392,1,1,1,1,1,1,1
138,76,76,2,2,2,2,2,2,2,14,392,1,1,1,1,1,1,1
139,77,77,2,2,2,2,2,2,2,14,392,1,1,1,1,1,1,1
140,78,78,2,2,2,2,2,2,2,14,392,1,1,1,1,1,1,1
0,0,0,1,1,1,1,1,0,0,5,422,0,1,1,1,1,1,0
1,1,1,1,0,0,1,1,0,1,4,422,0,0,0,1,1,1,1
2,2,2,0,0,0,1,1,0,1,3,422,0,0,0,1,1,0,1
3,3,3,1,0,1,2,2,1,1,8,422,1,0,1,1,1,1,1
4,4,4,1,1,1,1,1,0,1,6,422,0,1,1,1,1,1,1
5,5,5,2,1,2,2,1,0,1,9,422,0,1,1,1,1,1,1
6,6,6,2,0,1,1,2,1,1,8,422,1,0,1,1,1,1,1
7,7,7,1,0,1,1,1,0,0,4,422,0,0,1,1,1,1,0
8,8,8,1,0,1,1,1,0,1,5,422,0,0,1,1,1,1,1
9,9,9,-1,-1,0,0,0,-1,0,-3,422,0,0,0,0,0,0,0
10,10,10,-1,-1,-1,-1,0,-1,1,-4,422,0,0,0,0,0,0,1
11,11,11,0,-1,-1,-1,-1,-1,0,-5,422,0,0,0,0,0,0,0
12,12,12,1,1,1,1,1,-1,0,4,422,0,1,1,1,1,1,0
13,13,13,-1,-1,-2,-1,-2,-1,0,-8,422,0,0,0,0,0,0,0
14,14,14,1,1,1,1,1,0,0,5,422,0,1,1,1,1,1,0
15,15,15,1,1,1,1,2,0,1,7,422,0,1,1,1,1,1,1
16,16,16,1,-1,-1,-1,0,-1,0,-3,422,0,0,0,0,0,1,0
17,17,17,0,0,-1,-1,0,-1,0,-3,422,0,0,0,0,0,0,0
18,18,18,-1,-1,-1,-1,-1,-1,0,-6,422,0,0,0,0,0,0,0
19,19,19,-2,-1,-2,-2,-1,-2,0,-10,422,0,0,0,0,0,0,0
20,20,20,1,1,1,1,0,0,0,4,422,0,1,1,0,1,1,0
21,21,21,1,1,1,1,0,0,0,4,422,0,1,1,0,1,1,0
22,22,22,0,-1,-1,-1,-1,1,0,-3,422,1,0,0,0,0,0,0
23,23,23,2,0,1,2,1,0,1,7,422,0,0,1,1,1,1,1
24,24,24,2,0,1,2,1,1,1,8,422,1,0,1,1,1,1,1
25,25,25,1,0,1,1,1,0,0,4,422,0,0,1,1,1,1,0
26,26,26,1,1,1,1,1,1,0,6,422,1,1,1,1,1,1,0
27,27,27,1,0,1,1,1,1,0,5,422,1,0,1,1,1,1,0
28,28,28,0,0,-1,0,1,0,0,0,422,0,0,0,1,0,0,0
29,29,29,0,0,-1,1,0,0,0,0,422,0,0,0,0,1,0,0
30,30,30,1,-1,-1,0,0,-1,0,-2,422,0,0,0,0,0,1,0
31,31,31,0,-1,-1,0,0,0,1,-1,422,0,0,0,0,0,0,1
32,32,32,1,0,-1,-1,0,1,0,0,422,1,0,0,0,0,1,0
33,33,33,1,-1,-1,-1,0,1,1,0,422,1,0,0,0,0,1,1
34,34,34,0,0,-1,-1,-1,1,0,-2,422,1,0,0,0,0,0,0
35,35,35,0,-1,-1,0,-1,0,0,-3,422,0,0,0,0,0,0,0
36,36,36,0,0,0,0,0,1,0,1,422,1,0,0,0,0,0,0
37,37,37,1,0,0,1,1,1,0,4,422,1,0,0,1,1,1,0
38,38,38,1,0,1,-1,1,1,1,4,422,1,0,1,1,0,1,1
39,39,39,2,1,1,1,2,1,1,9,422,1,1,1,1,1,1,1
40,40,40,1,1,0,1,1,0,1,5,422,0,1,0,1,1,1,1
41,41,41,1,1,1,2,1,0,1,7,422,0,1,1,1,1,1,1
42,42,42,1,2,1,1,2,0,0,7,422,0,1,1,1,1,1,0
43,43,43,1,1,2,1,1,1,1,8,422,1,1,1,1,1,1,1
44,44,44,1,1,1,2,1,0,0,6,422,0,1,1,1,1,1,0
45,45,45,1,1,1,1,1,0,1,6,422,0,1,1,1,1,1,1
46,46,46,0,0,0,0,0,0,0,0,422,0,0,0,0,0,0,0
47,47,47,0,0,0,0,0,0,0,0,422,0,0,0,0,0,0,0
48,48,48,0,0,0,0,0,0,0,0,422,0,0,0,0,0,0,0
49,49,49,0,0,0,0,0,0,0,0,422,0,0,0,0,0,0,0
0,0,0,2,1,1,2,2,2,1,11,432,1,1,1,1,1,1,1
1,1,1,2,1,1,2,2,2,1,11,432,1,1,1,1,1,1,1
2,2,2,2,1,1,2,2,2,1,11,432,1,1,1,1,1,1,1
3,3,3,2,2,2,2,2,2,1,13,432,1,1,1,1,1,1,1
4,4,4,2,2,2,2,2,2,2,14,432,1,1,1,1,1,1,1
5,5,5,2,2,2,2,2,2,2,14,432,1,1,1,1,1,1,1
6,6,6,2,1,2,2,2,2,1,12,432,1,1,1,1,1,1,1
7,7,7,2,1,2,2,2,2,1,12,432,1,1,1,1,1,1,1
8,8,8,2,1,2,2,2,2,1,12,432,1,1,1,1,1,1,1
9,9,9,2,2,2,2,2,2,2,14,432,1,1,1,1,1,1,1
10,10,10,2,2,2,2,2,2,2,14,432,1,1,1,1,1,1,1
11,11,11,2,2,2,2,2,2,2,14,432,1,1,1,1,1,1,1
12,12,12,2,2,2,2,2,2,2,14,432,1,1,1,1,1,1,1
13,13,13,2,1,2,2,2,2,2,13,432,1,1,1,1,1,1,1
14,14,14,2,2,2,2,2,2,2,14,432,1,1,1,1,1,1,1
15,15,15,2,2,2,2,2,2,2,14,432,1,1,1,1,1,1,1
16,16,16,2,2,2,2,2,2,2,14,432,1,1,1,1,1,1,1
17,17,17,2,1,2,2,2,2,2,13,432,1,1,1,1,1,1,1
18,18,18,2,1,1,2,2,2,2,12,432,1,1,1,1,1,1,1
19,19,19,2,1,2,2,2,2,2,13,432,1,1,1,1,1,1,1
20,20,20,2,1,1,2,2,2,2,12,432,1,1,1,1,1,1,1
21,21,21,2,2,2,2,2,2,2,14,432,1,1,1,1,1,1,1
22,22,22,2,0,1,2,2,2,1,10,432,1,0,1,1,1,1,1
23,23,23,2,0,1,2,2,2,1,10,432,1,0,1,1,1,1,1
24,24,24,2,2,2,2,2,2,2,14,432,1,1,1,1,1,1,1
25,25,25,2,0,2,2,2,2,1,11,432,1,0,1,1,1,1,1
26,26,26,2,0,1,2,2,2,1,10,432,1,0,1,1,1,1,1
27,27,27,2,1,1,2,2,2,1,11,432,1,1,1,1,1,1,1
28,28,28,2,1,1,2,2,2,1,11,432,1,1,1,1,1,1,1
29,29,29,2,2,2,2,2,2,1,13,432,1,1,1,1,1,1,1
30,30,30,2,2,2,2,2,2,1,13,432,1,1,1,1,1,1,1
31,31,31,2,2,2,2,2,2,1,13,432,1,1,1,1,1,1,1
32,32,32,2,2,2,2,2,2,1,13,432,1,1,1,1,1,1,1
33,33,33,2,0,2,2,2,2,1,11,432,1,0,1,1,1,1,1
34,34,34,2,0,1,2,2,2,1,10,432,1,0,1,1,1,1,1
35,35,35,2,2,2,2,2,2,1,13,432,1,1,1,1,1,1,1
36,36,36,2,0,1,2,2,2,1,10,432,1,0,1,1,1,1,1
37,37,37,2,2,2,2,2,2,2,14,432,1,1,1,1,1,1,1
38,38,38,2,1,1,2,2,2,1,11,432,1,1,1,1,1,1,1
39,0,0,0,0,1,0,0,0,0,1,437,0,0,1,0,0,0,0
40,1,1,1,0,1,0,0,0,0,2,437,0,0,1,0,0,1,0
41,2,2,1,0,1,0,0,0,0,2,437,0,0,1,0,0,1,0
42,3,3,0,0,1,0,0,0,0,1,437,0,0,1,0,0,0,0
43,4,4,1,0,1,0,1,0,0,3,437,0,0,1,1,0,1,0
44,5,5,1,0,1,1,1,0,0,4,437,0,0,1,1,1,1,0
45,6,6,1,0,1,1,1,0,0,4,437,0,0,1,1,1,1,0
46,7,7,1,0,1,1,1,0,0,4,437,0,0,1,1,1,1,0
47,8,8,1,0,1,1,1,1,1,6,437,1,0,1,1,1,1,1
48,9,9,2,0,2,2,2,2,1,11,437,1,0,1,1,1,1,1
49,10,10,2,0,2,2,2,2,2,12,437,1,0,1,1,1,1,1
50,11,11,2,2,2,2,2,2,1,13,437,1,1,1,1,1,1,1
51,12,12,2,1,2,2,2,2,1,12,437,1,1,1,1,1,1,1
52,13,13,2,0,2,2,2,2,1,11,437,1,0,1,1,1,1,1
53,14,14,2,0,2,2,2,2,0,10,437,1,0,1,1,1,1,0
54,15,15,2,0,2,2,2,2,0,10,437,1,0,1,1,1,1,0
55,16,16,2,2,2,2,2,2,0,12,437,1,1,1,1,1,1,0
56,17,17,2,0,2,2,2,2,1,11,437,1,0,1,1,1,1,1
57,18,18,2,0,2,2,2,2,2,12,437,1,0,1,1,1,1,1
58,19,19,2,2,2,2,2,2,2,14,437,1,1,1,1,1,1,1
59,20,20,2,0,2,2,2,2,1,11,437,1,0,1,1,1,1,1
60,21,21,2,0,2,2,2,2,1,11,437,1,0,1,1,1,1,1
61,22,22,2,0,2,2,2,2,1,11,437,1,0,1,1,1,1,1
62,23,23,2,0,2,2,2,2,1,11,437,1,0,1,1,1,1,1
63,24,24,2,0,2,2,2,2,1,11,437,1,0,1,1,1,1,1
64,25,25,2,1,2,2,2,2,1,12,437,1,1,1,1,1,1,1
65,26,26,2,0,2,2,2,2,1,11,437,1,0,1,1,1,1,1
66,27,27,2,2,2,2,2,2,1,13,437,1,1,1,1,1,1,1
67,28,28,2,0,2,2,2,2,1,11,437,1,0,1,1,1,1,1
68,29,29,2,2,2,2,2,2,1,13,437,1,1,1,1,1,1,1
69,30,30,0,0,1,0,2,2,1,6,437,1,0,1,1,0,0,1
70,31,31,2,0,1,2,2,2,0,9,437,1,0,1,1,1,1,0
71,32,32,0,0,0,1,1,1,0,3,437,1,0,0,1,1,0,0
72,33,33,2,0,2,2,2,2,2,12,437,1,0,1,1,1,1,1
73,34,34,2,2,2,2,2,2,2,14,437,1,1,1,1,1,1,1
74,35,35,1,0,2,2,2,2,0,9,437,1,0,1,1,1,1,0
75,36,36,2,0,2,2,2,2,1,11,437,1,0,1,1,1,1,1
76,37,37,2,0,2,2,2,2,2,12,437,1,0,1,1,1,1,1
77,38,38,0,0,1,2,2,2,2,9,437,1,0,1,1,1,0,1
78,39,39,0,0,1,2,2,2,2,9,437,1,0,1,1,1,0,1
79,40,40,2,2,2,2,2,2,2,14,437,1,1,1,1,1,1,1
80,41,41,2,0,2,2,2,2,1,11,437,1,0,1,1,1,1,1
81,42,42,2,2,2,2,2,2,2,14,437,1,1,1,1,1,1,1
0,0,0,1,0,0,0,0,0,0,1,441,0,0,0,0,0,1,0
1,1,1,0,0,0,0,0,0,0,0,441,0,0,0,0,0,0,0
2,2,2,0,0,0,-1,-1,0,0,-2,441,0,0,0,0,0,0,0
3,3,3,1,0,0,0,0,0,0,1,441,0,0,0,0,0,1,0
4,4,4,0,0,0,0,0,0,0,0,441,0,0,0,0,0,0,0
5,5,5,1,0,1,1,0,0,0,3,441,0,0,1,0,1,1,0
6,6,6,0,0,0,0,1,0,0,1,441,0,0,0,1,0,0,0
7,7,7,1,0,0,0,0,0,0,1,441,0,0,0,0,0,1,0
8,8,8,1,0,0,0,0,0,0,1,441,0,0,0,0,0,1,0
9,9,9,1,0,0,0,0,0,0,1,441,0,0,0,0,0,1,0
10,10,10,0,0,0,0,0,0,0,0,441,0,0,0,0,0,0,0
11,11,11,1,0,1,1,0,0,0,3,441,0,0,1,0,1,1,0
12,12,12,1,1,1,0,-1,-1,0,1,441,0,1,1,0,0,1,0
13,13,13,1,0,1,1,0,0,1,4,441,0,0,1,0,1,1,1
14,14,14,1,1,0,1,1,0,0,4,441,0,1,0,1,1,1,0
15,15,15,1,1,1,1,0,0,0,4,441,0,1,1,0,1,1,0
16,16,16,0,1,0,0,0,0,0,1,441,0,1,0,0,0,0,0
17,17,17,0,0,1,1,1,-1,0,2,441,0,0,1,1,1,0,0
18,18,18,1,1,1,1,1,0,1,6,441,0,1,1,1,1,1,1
19,19,19,0,1,1,1,1,0,1,5,441,0,1,1,1,1,0,1
20,20,20,1,1,1,1,2,1,1,8,441,1,1,1,1,1,1,1
21,21,21,1,1,1,1,1,0,1,6,441,0,1,1,1,1,1,1
22,22,22,1,1,0,1,1,0,0,4,441,0,1,0,1,1,1,0
23,23,23,0,1,1,1,1,1,1,6,441,1,1,1,1,1,0,1
24,24,24,0,1,0,1,1,0,0,3,441,0,1,0,1,1,0,0
25,25,25,-1,1,0,0,0,0,0,0,441,0,1,0,0,0,0,0
26,26,26,0,1,1,1,0,0,0,3,441,0,1,1,0,1,0,0
27,27,27,1,1,1,1,1,1,1,7,441,1,1,1,1,1,1,1
28,28,28,0,1,1,1,1,-1,1,4,441,0,1,1,1,1,0,1
29,29,29,1,1,1,1,1,0,1,6,441,0,1,1,1,1,1,1
30,30,30,1,2,1,1,1,0,1,7,441,0,1,1,1,1,1,1
31,31,31,0,-1,0,1,0,-1,0,-1,441,0,0,0,0,1,0,0
32,32,32,1,0,1,1,1,0,1,5,441,0,0,1,1,1,1,1
33,33,33,1,1,0,1,1,0,1,5,441,0,1,0,1,1,1,1
34,34,34,1,1,0,1,1,0,0,4,441,0,1,0,1,1,1,0
35,35,35,1,0,1,1,1,0,1,5,441,0,0,1,1,1,1,1
36,36,36,1,-1,1,1,1,0,1,4,441,0,0,1,1,1,1,1
37,37,37,0,-1,-1,0,0,-1,0,-3,441,0,0,0,0,0,0,0
38,38,38,0,-1,0,1,1,-1,0,0,441,0,0,0,1,1,0,0
39,39,39,1,0,1,1,1,0,1,5,441,0,0,1,1,1,1,1
40,40,40,0,-1,1,1,1,0,1,3,441,0,0,1,1,1,0,1
41,41,41,1,0,1,0,1,0,0,3,441,0,0,1,1,0,1,0
42,42,42,0,-1,-1,0,-1,-1,0,-4,441,0,0,0,0,0,0,0
43,43,43,1,-1,1,1,1,1,1,5,441,1,0,1,1,1,1,1
44,44,44,0,0,1,1,1,0,1,4,441,0,0,1,1,1,0,1
45,45,45,1,1,1,1,0,1,1,6,441,1,1,1,0,1,1,1
46,46,46,0,0,0,1,0,-1,0,0,441,0,0,0,0,1,0,0
47,47,47,1,0,1,1,2,0,1,6,441,0,0,1,1,1,1,1
48,48,48,0,-1,1,1,1,0,1,3,441,0,0,1,1,1,0,1
49,49,49,1,0,1,1,1,0,1,5,441,0,0,1,1,1,1,1
50,50,50,-1,-1,0,0,-1,0,0,-3,441,0,0,0,0,0,0,0
51,51,51,1,1,0,1,1,0,1,5,441,0,1,0,1,1,1,1
52,52,52,0,1,1,1,1,0,1,5,441,0,1,1,1,1,0,1
53,53,53,0,0,1,1,1,0,1,4,441,0,0,1,1,1,0,1
54,54,54,1,1,1,1,0,1,1,6,441,1,1,1,0,1,1,1
55,55,55,1,1,1,1,1,1,1,7,441,1,1,1,1,1,1,1
56,56,56,0,-2,0,0,-1,-1,0,-4,441,0,0,0,0,0,0,0
57,57,57,0,1,1,1,1,0,1,5,441,0,1,1,1,1,0,1
58,0,0,0,0,0,0,0,0,0,0,442,0,0,0,0,0,0,0
59,1,1,1,0,1,0,0,0,0,2,442,0,0,1,0,0,1,0
60,2,2,1,0,1,0,0,1,0,3,442,1,0,1,0,0,1,0
61,3,3,0,0,0,0,0,0,0,0,442,0,0,0,0,0,0,0
62,4,4,0,0,1,0,0,0,0,1,442,0,0,1,0,0,0,0
63,5,5,0,0,1,0,0,0,0,1,442,0,0,1,0,0,0,0
64,6,6,0,-1,-1,1,0,0,0,-1,442,0,0,0,0,1,0,0
65,7,7,0,0,0,1,0,0,0,1,442,0,0,0,0,1,0,0
66,8,8,-1,0,-1,0,-1,-1,0,-4,442,0,0,0,0,0,0,0
67,9,9,-1,0,-1,-1,-1,-1,-1,-6,442,0,0,0,0,0,0,0
68,10,10,0,-1,0,0,0,0,0,-1,442,0,0,0,0,0,0,0
69,11,11,0,0,1,0,0,-1,0,0,442,0,0,1,0,0,0,0
70,12,12,0,0,1,1,1,-1,0,2,442,0,0,1,1,1,0,0
71,13,13,0,0,-1,0,0,0,0,-1,442,0,0,0,0,0,0,0
72,14,14,0,0,1,0,1,0,0,2,442,0,0,1,1,0,0,0
73,15,15,1,0,1,1,1,0,0,4,442,0,0,1,1,1,1,0
74,16,16,1,0,1,1,1,0,0,4,442,0,0,1,1,1,1,0
75,17,17,1,0,0,1,1,0,0,3,442,0,0,0,1,1,1,0
76,18,18,1,0,0,0,0,0,0,1,442,0,0,0,0,0,1,0
77,19,19,1,0,1,1,0,0,0,3,442,0,0,1,0,1,1,0
78,20,20,0,0,0,-1,0,0,1,0,442,0,0,0,0,0,0,1
79,21,21,0,0,0,-1,0,0,0,-1,442,0,0,0,0,0,0,0
80,22,22,0,0,0,0,0,0,0,0,442,0,0,0,0,0,0,0
81,23,23,0,0,-1,-1,-1,0,0,-3,442,0,0,0,0,0,0,0
82,24,24,0,0,0,-1,0,0,0,-1,442,0,0,0,0,0,0,0
83,25,25,0,0,0,0,0,0,0,0,442,0,0,0,0,0,0,0
84,26,26,1,0,-1,0,0,0,0,0,442,0,0,0,0,0,1,0
85,27,27,1,0,0,-1,-1,0,0,-1,442,0,0,0,0,0,1,0
86,28,28,0,0,0,0,0,0,0,0,442,0,0,0,0,0,0,0
87,29,29,0,0,0,-1,0,0,-1,-2,442,0,0,0,0,0,0,0
88,30,30,0,0,0,0,0,0,0,0,442,0,0,0,0,0,0,0
89,31,31,1,0,0,0,0,0,0,1,442,0,0,0,0,0,1,0
90,32,32,0,0,0,-1,-1,0,0,-2,442,0,0,0,0,0,0,0
91,33,33,0,0,-1,-1,0,0,-1,-3,442,0,0,0,0,0,0,0
92,34,34,0,0,0,-1,-1,0,0,-2,442,0,0,0,0,0,0,0
93,35,35,0,0,0,-1,0,0,0,-1,442,0,0,0,0,0,0,0
94,36,36,0,0,1,1,1,1,0,4,442,1,0,1,1,1,0,0
95,37,37,0,1,1,1,0,0,0,3,442,0,1,1,0,1,0,0
96,38,38,1,1,1,1,0,1,1,6,442,1,1,1,0,1,1,1
97,39,39,1,1,1,1,1,1,1,7,442,1,1,1,1,1,1,1
98,40,40,0,1,1,1,1,0,1,5,442,0,1,1,1,1,0,1
99,41,41,1,0,1,0,0,-1,1,2,442,0,0,1,0,0,1,1
100,42,42,1,2,1,1,2,0,1,8,442,0,1,1,1,1,1,1
101,43,43,1,0,1,1,1,-1,1,4,442,0,0,1,1,1,1,1
102,44,44,1,0,1,0,0,-1,1,2,442,0,0,1,0,0,1,1
103,45,45,1,-1,1,1,1,0,1,4,442,0,0,1,1,1,1,1
104,46,46,1,0,1,1,1,1,0,5,442,1,0,1,1,1,1,0
105,0,0,0,0,0,1,0,1,0,2,443,1,0,0,0,1,0,0
106,1,1,0,0,1,-1,-1,1,0,0,443,1,0,1,0,0,0,0
107,2,2,-2,-2,-1,-2,-2,1,0,-8,443,1,0,0,0,0,0,0
108,3,3,-2,-1,-1,-2,-2,0,0,-8,443,0,0,0,0,0,0,0
109,4,4,-1,-1,-1,-1,-2,0,-1,-7,443,0,0,0,0,0,0,0
110,5,5,-1,0,1,-1,0,-1,-1,-3,443,0,0,1,0,0,0,0
111,6,6,-1,0,0,0,0,-1,0,-2,443,0,0,0,0,0,0,0
112,7,7,-1,0,-1,0,-1,1,0,-2,443,1,0,0,0,0,0,0
113,8,8,0,1,1,1,0,-1,1,3,443,0,1,1,0,1,0,1
114,9,9,-1,0,1,0,1,-1,0,0,443,0,0,1,1,0,0,0
115,10,10,0,1,1,1,0,0,1,4,443,0,1,1,0,1,0,1
116,11,11,-1,0,1,-1,-2,-1,0,-4,443,0,0,1,0,0,0,0
117,12,12,-2,0,-1,-1,-1,-1,0,-6,443,0,0,0,0,0,0,0
118,13,13,-1,1,1,-1,-1,1,0,0,443,1,1,1,0,0,0,0
119,14,14,-2,-1,-1,-2,-1,1,0,-6,443,1,0,0,0,0,0,0
120,15,15,-1,0,1,-1,0,0,-1,-2,443,0,0,1,0,0,0,0
121,16,16,-1,0,0,1,0,1,1,2,443,1,0,0,0,1,0,1
122,17,17,-1,-1,0,0,-1,0,0,-3,443,0,0,0,0,0,0,0
123,18,18,-1,-1,0,-1,-2,-1,0,-6,443,0,0,0,0,0,0,0
124,19,19,0,0,1,0,-1,-1,0,-1,443,0,0,1,0,0,0,0
125,20,20,-1,0,0,0,-1,-1,0,-3,443,0,0,0,0,0,0,0
126,21,21,-1,-1,0,0,0,-1,0,-3,443,0,0,0,0,0,0,0
127,22,22,-2,-1,-1,0,0,1,0,-3,443,1,0,0,0,0,0,0
128,23,23,-1,-1,1,-1,-2,0,0,-4,443,0,0,1,0,0,0,0
129,24,24,1,1,1,1,0,-1,1,4,443,0,1,1,0,1,1,1
130,25,25,-2,0,0,-1,-1,0,0,-4,443,0,0,0,0,0,0,0
131,26,26,-2,0,1,0,-1,1,1,0,443,1,0,1,0,0,0,1
132,27,27,-2,0,-1,-2,-2,-1,1,-7,443,0,0,0,0,0,0,1
133,28,28,-2,0,-1,-2,-2,-1,0,-8,443,0,0,0,0,0,0,0
134,29,29,-1,-1,1,0,-1,0,1,-1,443,0,0,1,0,0,0,1
135,30,30,0,0,1,1,0,-1,1,2,443,0,0,1,0,1,0,1
136,31,31,-1,0,0,1,0,-1,0,-1,443,0,0,0,0,1,0,0
137,32,32,0,1,1,1,0,0,1,4,443,0,1,1,0,1,0,1
138,33,33,0,0,1,1,1,0,0,3,443,0,0,1,1,1,0,0
139,0,0,0,0,0,1,0,0,0,1,445,0,0,0,0,1,0,0
140,1,1,0,0,1,1,0,0,0,2,445,0,0,1,0,1,0,0
141,2,2,0,0,1,1,0,0,0,2,445,0,0,1,0,1,0,0
142,3,3,1,0,1,0,0,0,0,2,445,0,0,1,0,0,1,0
143,4,4,0,0,0,1,0,0,0,1,445,0,0,0,0,1,0,0
144,5,5,0,0,0,1,0,0,0,1,445,0,0,0,0,1,0,0
145,6,6,0,0,0,1,0,0,0,1,445,0,0,0,0,1,0,0
146,7,7,0,0,0,0,0,0,0,0,445,0,0,0,0,0,0,0
147,8,8,0,0,0,1,0,0,0,1,445,0,0,0,0,1,0,0
148,9,9,1,0,0,0,0,0,0,1,445,0,0,0,0,0,1,0
149,10,10,1,0,0,0,0,0,0,1,445,0,0,0,0,0,1,0
150,11,11,1,0,0,1,0,0,0,2,445,0,0,0,0,1,1,0
151,12,12,0,0,0,0,0,0,0,0,445,0,0,0,0,0,0,0
152,13,13,1,0,0,0,0,0,0,1,445,0,0,0,0,0,1,0
153,14,14,0,0,0,0,0,0,0,0,445,0,0,0,0,0,0,0
154,15,15,0,0,0,0,0,0,0,0,445,0,0,0,0,0,0,0
155,16,16,1,1,0,1,0,0,1,4,445,0,1,0,0,1,1,1
156,17,17,0,-1,-1,0,-1,-1,0,-4,445,0,0,0,0,0,0,0
157,18,18,1,0,-1,0,0,0,0,0,445,0,0,0,0,0,1,0
158,19,19,0,0,0,0,0,0,0,0,445,0,0,0,0,0,0,0
159,20,20,0,0,0,0,0,0,0,0,445,0,0,0,0,0,0,0
160,21,21,1,0,-1,0,0,0,0,0,445,0,0,0,0,0,1,0
161,22,22,1,0,0,0,1,0,0,2,445,0,0,0,1,0,1,0
162,23,23,1,0,1,1,1,0,0,4,445,0,0,1,1,1,1,0
163,24,24,1,0,0,1,1,0,0,3,445,0,0,0,1,1,1,0
164,25,25,0,0,0,1,1,0,1,3,445,0,0,0,1,1,0,1
165,26,26,0,0,1,1,1,0,1,4,445,0,0,1,1,1,0,1
166,27,27,1,0,0,1,0,1,1,4,445,1,0,0,0,1,1,1
167,28,28,1,2,1,1,1,0,1,7,445,0,1,1,1,1,1,1
168,29,29,1,0,1,1,1,0,1,5,445,0,0,1,1,1,1,1
169,30,30,1,1,2,1,1,0,2,8,445,0,1,1,1,1,1,1
170,31,31,1,2,1,2,1,0,2,9,445,0,1,1,1,1,1,1
171,32,32,1,2,1,2,2,1,1,10,445,1,1,1,1,1,1,1
172,33,33,2,1,1,2,2,1,2,11,445,1,1,1,1,1,1,1
173,34,34,2,2,1,2,2,1,2,12,445,1,1,1,1,1,1,1
174,35,35,1,1,1,2,2,1,1,9,445,1,1,1,1,1,1,1
175,36,36,1,1,0,1,1,1,1,6,445,1,1,0,1,1,1,1
176,37,37,2,2,1,2,1,1,2,11,445,1,1,1,1,1,1,1
177,38,38,2,2,1,2,2,1,2,12,445,1,1,1,1,1,1,1
178,39,39,2,2,2,2,1,0,2,11,445,0,1,1,1,1,1,1
179,40,40,1,2,2,2,2,0,2,11,445,0,1,1,1,1,1,1
180,41,41,1,0,0,1,1,0,1,4,445,0,0,0,1,1,1,1
181,42,42,1,0,1,1,1,0,1,5,445,0,0,1,1,1,1,1
182,43,43,2,0,2,2,2,0,2,10,445,0,0,1,1,1,1,1
183,44,44,1,1,1,2,2,1,2,10,445,1,1,1,1,1,1,1
184,45,45,1,0,1,1,1,-1,1,4,445,0,0,1,1,1,1,1
185,46,46,0,-1,0,1,1,-1,1,1,445,0,0,0,1,1,0,1
186,47,47,1,1,1,2,2,1,2,10,445,1,1,1,1,1,1,1
187,48,48,1,2,1,2,1,1,2,10,445,1,1,1,1,1,1,1
188,49,49,1,1,1,2,1,-1,1,6,445,0,1,1,1,1,1,1
189,50,50,0,0,1,1,0,-1,1,2,445,0,0,1,0,1,0,1
190,51,51,1,1,1,2,1,1,1,8,445,1,1,1,1,1,1,1
191,52,52,1,1,1,2,1,0,1,7,445,0,1,1,1,1,1,1
192,53,53,0,0,1,1,1,0,1,4,445,0,0,1,1,1,0,1
193,54,54,0,1,1,1,1,-1,1,4,445,0,1,1,1,1,0,1
194,55,55,1,2,1,2,1,1,2,10,445,1,1,1,1,1,1,1
195,56,56,2,2,2,2,2,1,2,13,445,1,1,1,1,1,1,1
196,57,57,2,2,2,2,2,1,2,13,445,1,1,1,1,1,1,1
197,58,58,2,1,1,2,2,1,2,11,445,1,1,1,1,1,1,1
198,59,59,2,2,1,2,2,1,2,12,445,1,1,1,1,1,1,1
199,60,60,1,2,2,2,2,0,2,11,445,0,1,1,1,1,1,1
200,61,61,1,1,1,2,2,1,2,10,445,1,1,1,1,1,1,1
201,62,62,1,1,1,1,1,0,1,6,445,0,1,1,1,1,1,1
202,63,63,1,1,1,1,1,0,1,6,445,0,1,1,1,1,1,1
203,64,64,1,1,1,2,2,1,2,10,445,1,1,1,1,1,1,1
204,0,0,0,0,0,1,0,0,0,1,446,0,0,0,0,1,0,0
205,1,1,0,0,0,0,0,0,0,0,446,0,0,0,0,0,0,0
206,2,2,0,0,0,1,0,0,0,1,446,0,0,0,0,1,0,0
207,3,3,0,0,0,0,0,0,0,0,446,0,0,0,0,0,0,0
208,4,4,0,0,0,1,1,0,0,2,446,0,0,0,1,1,0,0
209,5,5,0,0,0,0,0,0,0,0,446,0,0,0,0,0,0,0
210,6,6,0,0,0,1,0,0,0,1,446,0,0,0,0,1,0,0
211,7,7,1,-1,0,1,1,0,1,3,446,0,0,0,1,1,1,1
212,8,8,1,-1,1,1,1,0,1,4,446,0,0,1,1,1,1,1
213,9,9,0,0,-1,0,1,0,0,0,446,0,0,0,1,0,0,0
214,10,10,0,0,-1,1,0,-1,0,-1,446,0,0,0,0,1,0,0
215,11,11,0,-1,1,1,0,-1,0,0,446,0,0,1,0,1,0,0
216,12,12,-1,-1,0,0,0,-1,0,-3,446,0,0,0,0,0,0,0
217,13,13,-1,-2,-1,0,-1,0,0,-5,446,0,0,0,0,0,0,0
218,14,14,0,0,-1,0,-1,-1,0,-3,446,0,0,0,0,0,0,0
219,15,15,0,0,0,0,0,0,1,1,446,0,0,0,0,0,0,1
220,16,16,0,0,1,1,0,0,0,2,446,0,0,1,0,1,0,0
221,17,17,1,1,1,1,1,0,1,6,446,0,1,1,1,1,1,1
222,18,18,0,0,0,0,0,0,0,0,446,0,0,0,0,0,0,0
223,19,19,-1,-1,-1,-1,-2,-1,0,-7,446,0,0,0,0,0,0,0
224,20,20,-1,-1,-1,0,-2,0,1,-4,446,0,0,0,0,0,0,1
225,21,21,1,1,1,1,1,0,1,6,446,0,1,1,1,1,1,1
226,22,22,-1,0,0,0,-1,-1,0,-3,446,0,0,0,0,0,0,0
227,23,23,0,1,1,0,-1,0,0,1,446,0,1,1,0,0,0,0
228,24,24,0,-1,-1,0,0,0,0,-2,446,0,0,0,0,0,0,0
229,25,25,-1,-1,-1,0,0,-1,0,-4,446,0,0,0,0,0,0,0
230,26,26,0,-2,-1,-1,-1,0,0,-5,446,0,0,0,0,0,0,0
231,27,27,1,1,1,1,1,0,1,6,446,0,1,1,1,1,1,1
232,28,28,0,0,-1,0,0,0,0,-1,446,0,0,0,0,0,0,0
233,29,29,0,-1,1,0,1,0,1,2,446,0,0,1,1,0,0,1
234,30,30,1,0,1,1,1,0,1,5,446,0,0,1,1,1,1,1
0,0,0,1,0,1,1,1,0,1,5,451,0,0,1,1,1,1,1
1,1,1,2,0,1,2,2,2,1,10,451,1,0,1,1,1,1,1
2,2,2,2,2,2,2,2,2,1,13,451,1,1,1,1,1,1,1
3,3,3,2,2,2,2,2,2,2,14,451,1,1,1,1,1,1,1
4,4,4,2,2,2,2,2,2,2,14,451,1,1,1,1,1,1,1
5,5,5,2,2,2,2,2,2,2,14,451,1,1,1,1,1,1,1
6,6,6,2,1,2,2,2,2,1,12,451,1,1,1,1,1,1,1
7,7,7,2,1,2,2,2,2,1,12,451,1,1,1,1,1,1,1
8,8,8,2,0,0,2,2,2,1,9,451,1,0,0,1,1,1,1
9,9,9,2,2,2,2,2,2,2,14,451,1,1,1,1,1,1,1
10,10,10,2,2,2,2,2,2,2,14,451,1,1,1,1,1,1,1
11,11,11,2,0,2,2,2,2,2,12,451,1,0,1,1,1,1,1
12,12,12,2,0,1,2,2,2,1,10,451,1,0,1,1,1,1,1
13,13,13,2,0,1,2,2,2,1,10,451,1,0,1,1,1,1,1
14,14,14,2,1,1,2,2,2,1,11,451,1,1,1,1,1,1,1
15,15,15,2,2,2,2,2,2,2,14,451,1,1,1,1,1,1,1
16,16,16,2,2,2,2,2,2,2,14,451,1,1,1,1,1,1,1
17,17,17,2,2,2,2,2,2,1,13,451,1,1,1,1,1,1,1
18,18,18,2,2,2,2,2,2,2,14,451,1,1,1,1,1,1,1
19,19,19,2,2,2,2,2,2,1,13,451,1,1,1,1,1,1,1
20,20,20,2,2,2,2,2,2,2,14,451,1,1,1,1,1,1,1
21,21,21,2,2,2,2,2,2,2,14,451,1,1,1,1,1,1,1
22,22,22,2,2,2,2,2,2,2,14,451,1,1,1,1,1,1,1
23,23,23,2,1,2,2,2,2,2,13,451,1,1,1,1,1,1,1
24,24,24,2,2,2,2,2,2,2,14,451,1,1,1,1,1,1,1
25,25,25,2,1,2,2,2,2,2,13,451,1,1,1,1,1,1,1
26,26,26,2,2,2,2,2,2,2,14,451,1,1,1,1,1,1,1
27,27,27,2,2,2,2,2,2,2,14,451,1,1,1,1,1,1,1
28,28,28,2,2,2,2,2,2,2,14,451,1,1,1,1,1,1,1
29,29,29,2,2,2,2,2,2,2,14,451,1,1,1,1,1,1,1
30,30,30,2,2,2,2,2,2,2,14,451,1,1,1,1,1,1,1
31,31,31,2,2,2,2,2,2,2,14,451,1,1,1,1,1,1,1
32,32,32,2,1,2,2,2,2,2,13,451,1,1,1,1,1,1,1
33,33,33,2,2,2,2,2,2,2,14,451,1,1,1,1,1,1,1
34,34,34,2,2,2,2,2,2,2,14,451,1,1,1,1,1,1,1
35,35,35,2,2,2,2,2,2,2,14,451,1,1,1,1,1,1,1
36,36,36,2,2,2,2,2,2,2,14,451,1,1,1,1,1,1,1
37,37,37,2,2,2,2,2,2,2,14,451,1,1,1,1,1,1,1
38,38,38,2,2,2,2,2,2,2,14,451,1,1,1,1,1,1,1
39,39,39,2,2,2,2,2,2,2,14,451,1,1,1,1,1,1,1
40,40,40,2,0,2,2,2,2,2,12,451,1,0,1,1,1,1,1
41,41,41,2,0,2,2,2,2,1,11,451,1,0,1,1,1,1,1
42,42,42,2,2,2,2,2,2,2,14,451,1,1,1,1,1,1,1
43,43,43,2,2,2,2,2,2,2,14,451,1,1,1,1,1,1,1
44,44,44,2,2,2,2,2,2,2,14,451,1,1,1,1,1,1,1
45,45,45,2,2,2,2,2,2,2,14,451,1,1,1,1,1,1,1
46,46,46,2,0,0,2,2,2,2,10,451,1,0,0,1,1,1,1
47,47,47,2,0,1,2,2,2,1,10,451,1,0,1,1,1,1,1
48,48,48,2,0,1,2,2,2,1,10,451,1,0,1,1,1,1,1
49,49,49,2,1,2,2,2,2,2,13,451,1,1,1,1,1,1,1
50,50,50,2,0,2,2,2,2,1,11,451,1,0,1,1,1,1,1
51,51,51,2,0,1,2,2,2,2,11,451,1,0,1,1,1,1,1
52,52,52,2,1,1,2,2,2,2,12,451,1,1,1,1,1,1,1
53,53,53,2,0,1,2,2,2,1,10,451,1,0,1,1,1,1,1
54,54,54,2,0,1,2,2,2,2,11,451,1,0,1,1,1,1,1
55,55,55,2,2,2,2,2,2,2,14,451,1,1,1,1,1,1,1
56,56,56,2,2,2,2,2,2,2,14,451,1,1,1,1,1,1,1
57,57,57,2,1,2,2,2,2,2,13,451,1,1,1,1,1,1,1
58,58,58,2,0,1,2,2,2,2,11,451,1,0,1,1,1,1,1
59,59,59,2,0,0,2,2,2,2,10,451,1,0,0,1,1,1,1
60,60,60,2,1,1,2,2,2,2,12,451,1,1,1,1,1,1,1
61,61,61,2,2,2,2,2,2,2,14,451,1,1,1,1,1,1,1
62,62,62,2,0,1,2,2,2,2,11,451,1,0,1,1,1,1,1
63,63,63,2,0,1,2,2,2,1,10,451,1,0,1,1,1,1,1
64,64,64,2,2,2,2,2,2,2,14,451,1,1,1,1,1,1,1
65,65,65,2,1,2,2,2,2,1,12,451,1,1,1,1,1,1,1
66,66,66,2,1,2,2,2,2,1,12,451,1,1,1,1,1,1,1
67,67,67,2,1,2,2,2,2,1,12,451,1,1,1,1,1,1,1
68,68,68,2,2,2,2,2,2,1,13,451,1,1,1,1,1,1,1
69,69,69,2,2,2,2,2,2,1,13,451,1,1,1,1,1,1,1
70,70,70,2,2,2,2,2,2,1,13,451,1,1,1,1,1,1,1
71,71,71,2,2,2,2,2,2,1,13,451,1,1,1,1,1,1,1
72,72,72,2,2,2,2,2,2,1,13,451,1,1,1,1,1,1,1
73,73,73,2,1,1,2,2,2,1,11,451,1,1,1,1,1,1,1
74,74,74,2,1,1,2,2,2,1,11,451,1,1,1,1,1,1,1
75,75,75,2,2,2,2,2,2,1,13,451,1,1,1,1,1,1,1
76,76,76,2,2,2,2,2,2,1,13,451,1,1,1,1,1,1,1
77,77,77,2,0,1,2,2,2,1,10,451,1,0,1,1,1,1,1
78,78,78,2,0,1,2,2,2,1,10,451,1,0,1,1,1,1,1
79,79,79,2,2,2,2,2,2,2,14,451,1,1,1,1,1,1,1
80,80,80,2,2,2,2,2,2,2,14,451,1,1,1,1,1,1,1
81,81,81,2,2,2,2,2,2,2,14,451,1,1,1,1,1,1,1
82,0,0,0,0,0,0,0,0,0,0,452,0,0,0,0,0,0,0
83,1,1,2,1,2,2,2,2,2,13,452,1,1,1,1,1,1,1
84,2,2,2,1,2,2,2,2,2,13,452,1,1,1,1,1,1,1
85,3,3,2,2,2,2,2,2,2,14,452,1,1,1,1,1,1,1
86,4,4,2,2,2,2,2,2,2,14,452,1,1,1,1,1,1,1
87,5,5,2,2,2,2,2,2,2,14,452,1,1,1,1,1,1,1
88,6,6,2,2,2,2,2,2,2,14,452,1,1,1,1,1,1,1
89,7,7,2,2,2,2,2,2,2,14,452,1,1,1,1,1,1,1
90,8,8,2,2,2,2,2,2,2,14,452,1,1,1,1,1,1,1
91,9,9,2,2,2,2,2,2,2,14,452,1,1,1,1,1,1,1
92,10,10,2,2,2,2,2,2,2,14,452,1,1,1,1,1,1,1
93,11,11,2,2,2,2,2,2,2,14,452,1,1,1,1,1,1,1
94,12,12,2,2,2,2,2,2,2,14,452,1,1,1,1,1,1,1
95,13,13,2,2,2,2,2,2,2,14,452,1,1,1,1,1,1,1
96,14,14,2,2,2,2,2,2,2,14,452,1,1,1,1,1,1,1
97,15,15,2,2,2,2,2,2,2,14,452,1,1,1,1,1,1,1
98,16,16,2,2,2,2,2,2,2,14,452,1,1,1,1,1,1,1
99,17,17,2,2,2,2,2,2,2,14,452,1,1,1,1,1,1,1
100,18,18,2,2,2,2,2,2,2,14,452,1,1,1,1,1,1,1
101,19,19,2,1,2,2,2,2,2,13,452,1,1,1,1,1,1,1
102,20,20,2,2,2,2,2,2,2,14,452,1,1,1,1,1,1,1
103,21,21,2,2,2,2,2,2,2,14,452,1,1,1,1,1,1,1
104,22,22,2,2,2,2,2,2,2,14,452,1,1,1,1,1,1,1
105,23,23,2,1,2,2,2,2,2,13,452,1,1,1,1,1,1,1
106,24,24,2,2,2,2,2,2,2,14,452,1,1,1,1,1,1,1
107,25,25,2,2,2,2,2,2,2,14,452,1,1,1,1,1,1,1
108,26,26,2,2,2,2,2,2,2,14,452,1,1,1,1,1,1,1
109,27,27,2,1,2,2,2,2,2,13,452,1,1,1,1,1,1,1
110,28,28,2,1,2,2,2,2,1,12,452,1,1,1,1,1,1,1
111,29,29,2,2,2,2,2,2,1,13,452,1,1,1,1,1,1,1
112,30,30,2,2,2,2,2,2,2,14,452,1,1,1,1,1,1,1
113,31,31,2,2,2,2,2,2,2,14,452,1,1,1,1,1,1,1
114,32,32,2,2,2,2,2,2,2,14,452,1,1,1,1,1,1,1
115,33,33,2,2,2,2,2,2,2,14,452,1,1,1,1,1,1,1
116,34,34,2,2,2,2,2,2,2,14,452,1,1,1,1,1,1,1
117,35,35,2,2,2,2,2,2,2,14,452,1,1,1,1,1,1,1
118,36,36,2,2,2,2,2,2,2,14,452,1,1,1,1,1,1,1
119,37,37,2,2,2,2,2,2,2,14,452,1,1,1,1,1,1,1
120,38,38,2,1,2,2,2,2,1,12,452,1,1,1,1,1,1,1
121,39,39,2,0,1,2,2,2,2,11,452,1,0,1,1,1,1,1
122,40,40,2,0,0,2,2,2,1,9,452,1,0,0,1,1,1,1
123,41,41,2,0,1,2,2,2,1,10,452,1,0,1,1,1,1,1
124,42,42,2,0,1,2,2,2,1,10,452,1,0,1,1,1,1,1
125,43,43,2,0,1,2,2,2,1,10,452,1,0,1,1,1,1,1
126,44,44,2,1,2,2,2,2,2,13,452,1,1,1,1,1,1,1
127,45,45,2,0,1,2,2,2,2,11,452,1,0,1,1,1,1,1
128,46,46,2,2,2,2,2,2,2,14,452,1,1,1,1,1,1,1
129,47,47,2,1,2,2,2,2,2,13,452,1,1,1,1,1,1,1
130,48,48,2,2,2,2,2,2,2,14,452,1,1,1,1,1,1,1
131,49,49,2,2,2,2,2,2,2,14,452,1,1,1,1,1,1,1
132,50,50,2,2,2,2,2,2,2,14,452,1,1,1,1,1,1,1
133,51,51,2,2,2,2,2,2,2,14,452,1,1,1,1,1,1,1
134,52,52,2,2,2,2,2,2,1,13,452,1,1,1,1,1,1,1
135,53,53,2,2,2,2,2,2,1,13,452,1,1,1,1,1,1,1
136,54,54,2,0,1,2,2,2,2,11,452,1,0,1,1,1,1,1
137,55,55,2,0,2,2,2,2,1,11,452,1,0,1,1,1,1,1
138,56,56,2,0,1,2,2,2,1,10,452,1,0,1,1,1,1,1
139,57,57,2,0,1,2,2,2,1,10,452,1,0,1,1,1,1,1
140,58,58,2,1,2,2,2,2,1,12,452,1,1,1,1,1,1,1
141,59,59,2,0,1,2,2,2,1,10,452,1,0,1,1,1,1,1
142,60,60,2,0,0,2,2,2,1,9,452,1,0,0,1,1,1,1
143,61,61,2,1,2,2,2,2,2,13,452,1,1,1,1,1,1,1
144,62,62,2,2,2,2,2,2,1,13,452,1,1,1,1,1,1,1
145,63,63,2,2,2,2,2,2,2,14,452,1,1,1,1,1,1,1
146,64,64,2,2,2,2,2,2,2,14,452,1,1,1,1,1,1,1
147,65,65,2,2,2,2,2,2,2,14,452,1,1,1,1,1,1,1
148,66,66,2,2,2,2,2,2,1,13,452,1,1,1,1,1,1,1
149,67,67,2,2,2,2,2,2,1,13,452,1,1,1,1,1,1,1
150,68,68,2,2,2,2,2,2,2,14,452,1,1,1,1,1,1,1
151,69,69,2,1,1,2,2,2,2,12,452,1,1,1,1,1,1,1
152,70,70,2,2,2,2,2,2,2,14,452,1,1,1,1,1,1,1
153,71,71,2,0,1,2,2,2,1,10,452,1,0,1,1,1,1,1
154,72,72,2,0,1,2,2,2,1,10,452,1,0,1,1,1,1,1
155,73,73,2,0,1,2,2,2,1,10,452,1,0,1,1,1,1,1
156,74,74,2,0,0,2,2,2,1,9,452,1,0,0,1,1,1,1
157,75,75,2,0,1,2,2,2,2,11,452,1,0,1,1,1,1,1
158,76,76,2,0,1,2,2,2,1,10,452,1,0,1,1,1,1,1
159,77,77,2,0,1,2,2,2,2,11,452,1,0,1,1,1,1,1
160,78,78,2,1,2,2,2,2,1,12,452,1,1,1,1,1,1,1
161,79,79,2,1,2,2,2,2,2,13,452,1,1,1,1,1,1,1
162,80,80,2,1,2,2,2,2,2,13,452,1,1,1,1,1,1,1
163,81,81,2,2,2,2,2,2,1,13,452,1,1,1,1,1,1,1
164,82,82,2,1,1,2,2,2,2,12,452,1,1,1,1,1,1,1
165,0,0,2,0,1,2,2,2,2,11,453,1,0,1,1,1,1,1
166,1,1,2,0,1,2,2,2,2,11,453,1,0,1,1,1,1,1
167,2,2,2,0,0,2,2,2,2,10,453,1,0,0,1,1,1,1
168,3,3,2,2,2,2,2,2,1,13,453,1,1,1,1,1,1,1
169,4,4,2,2,2,2,2,2,1,13,453,1,1,1,1,1,1,1
170,5,5,2,0,1,2,2,2,2,11,453,1,0,1,1,1,1,1
171,6,6,2,0,1,2,2,2,1,10,453,1,0,1,1,1,1,1
172,7,7,2,2,2,2,2,2,2,14,453,1,1,1,1,1,1,1
173,8,8,1,0,1,2,2,2,1,9,453,1,0,1,1,1,1,1
174,9,9,1,0,0,1,1,1,0,4,453,1,0,0,1,1,1,0
175,10,10,1,0,0,1,1,1,0,4,453,1,0,0,1,1,1,0
176,11,11,1,0,0,1,1,1,0,4,453,1,0,0,1,1,1,0
177,12,12,2,1,1,2,2,2,1,11,453,1,1,1,1,1,1,1
178,13,13,2,0,0,2,2,2,1,9,453,1,0,0,1,1,1,1
179,14,14,2,0,2,2,2,2,1,11,453,1,0,1,1,1,1,1
180,15,15,2,1,2,2,2,2,1,12,453,1,1,1,1,1,1,1
181,16,16,2,2,2,2,2,2,1,13,453,1,1,1,1,1,1,1
182,17,17,2,1,2,2,2,2,2,13,453,1,1,1,1,1,1,1
183,18,18,2,2,2,2,2,2,2,14,453,1,1,1,1,1,1,1
184,19,19,2,2,2,2,2,2,2,14,453,1,1,1,1,1,1,1
185,20,20,2,2,2,2,2,1,2,13,453,1,1,1,1,1,1,1
186,21,21,2,2,2,2,2,1,2,13,453,1,1,1,1,1,1,1
187,22,22,2,2,2,2,2,1,2,13,453,1,1,1,1,1,1,1
188,23,23,2,1,1,2,2,1,1,10,453,1,1,1,1,1,1,1
189,24,24,1,0,0,2,2,1,0,6,453,1,0,0,1,1,1,0
190,25,25,2,0,0,1,1,1,0,5,453,1,0,0,1,1,1,0
191,26,26,2,0,0,1,1,1,0,5,453,1,0,0,1,1,1,0
192,27,27,2,0,0,1,1,1,0,5,453,1,0,0,1,1,1,0
193,28,28,2,1,1,1,1,1,0,7,453,1,1,1,1,1,1,0
194,29,29,2,2,2,2,2,2,1,13,453,1,1,1,1,1,1,1
195,30,30,2,2,2,2,2,2,1,13,453,1,1,1,1,1,1,1
196,31,31,2,0,1,2,2,2,2,11,453,1,0,1,1,1,1,1
197,32,32,2,0,1,2,2,2,2,11,453,1,0,1,1,1,1,1
198,33,33,2,0,0,2,2,2,1,9,453,1,0,0,1,1,1,1
199,34,34,2,0,0,2,2,2,1,9,453,1,0,0,1,1,1,1
200,35,35,2,2,2,2,2,2,2,14,453,1,1,1,1,1,1,1
201,36,36,2,1,1,2,2,2,1,11,453,1,1,1,1,1,1,1
202,37,37,2,1,0,2,2,2,2,11,453,1,1,0,1,1,1,1
203,38,38,2,2,2,2,2,2,2,14,453,1,1,1,1,1,1,1
204,39,39,2,2,2,2,2,2,2,14,453,1,1,1,1,1,1,1
205,40,40,2,2,2,2,2,2,2,14,453,1,1,1,1,1,1,1
206,41,41,2,2,2,2,2,2,2,14,453,1,1,1,1,1,1,1
207,42,42,2,2,2,2,2,2,2,14,453,1,1,1,1,1,1,1
208,43,43,2,1,1,2,2,2,2,12,453,1,1,1,1,1,1,1
209,44,44,2,0,1,2,2,2,2,11,453,1,0,1,1,1,1,1
210,45,45,2,1,1,2,2,2,1,11,453,1,1,1,1,1,1,1
211,46,46,2,0,2,2,2,2,2,12,453,1,0,1,1,1,1,1
212,47,47,2,0,1,2,2,2,2,11,453,1,0,1,1,1,1,1
213,48,48,2,0,1,2,2,2,1,10,453,1,0,1,1,1,1,1
214,49,49,2,2,2,2,2,2,2,14,453,1,1,1,1,1,1,1
215,50,50,2,2,2,2,2,2,2,14,453,1,1,1,1,1,1,1
216,51,51,2,0,1,2,2,2,1,10,453,1,0,1,1,1,1,1
217,52,52,2,1,1,2,2,2,1,11,453,1,1,1,1,1,1,1
218,53,53,2,1,1,2,2,2,1,11,453,1,1,1,1,1,1,1
219,54,54,2,2,2,2,2,2,1,13,453,1,1,1,1,1,1,1
220,55,55,2,2,2,2,2,2,2,14,453,1,1,1,1,1,1,1
221,56,56,2,2,2,2,2,2,2,14,453,1,1,1,1,1,1,1
222,57,57,2,2,2,2,2,2,2,14,453,1,1,1,1,1,1,1
223,58,58,2,2,2,2,2,2,2,14,453,1,1,1,1,1,1,1
224,59,59,2,2,2,2,2,2,2,14,453,1,1,1,1,1,1,1
225,60,60,2,2,2,2,2,2,2,14,453,1,1,1,1,1,1,1
226,61,61,2,2,2,2,2,2,2,14,453,1,1,1,1,1,1,1
