frame,SMU,ARG,KE,CF,CO,STR,group,ITO
0,-1.0,0.0,-1.0,-1.0,0.0,-1.0,39_1,1.0
1,1.0,1.0,1.0,0.0,2.0,1.0,39_1,1.0
2,0.0,0.0,1.0,1.0,1.0,1.0,39_1,0.0
3,1.0,1.0,2.0,2.0,2.0,1.0,39_1,1.0
4,-1.0,0.0,0.0,0.0,1.0,1.0,39_1,1.0
5,0.0,0.0,0.0,0.0,0.0,1.0,39_1,1.0
6,0.0,0.0,0.0,0.0,0.0,1.0,39_1,1.0
7,0.0,0.0,0.0,0.0,0.0,1.0,39_1,0.0
8,-1.0,-1.0,-1.0,0.0,1.0,0.0,39_1,0.0
9,1.0,-1.0,1.0,1.0,1.0,1.0,39_1,1.0
10,0.0,-1.0,-1.0,1.0,1.0,0.0,39_1,1.0
11,0.0,-1.0,-1.0,1.0,1.0,0.0,39_1,0.0
12,-1.0,-1.0,-1.0,0.0,1.0,0.0,39_1,0.0
13,-1.0,-1.0,-1.0,0.0,1.0,0.0,39_1,1.0
14,1.0,0.0,0.0,1.0,1.0,0.0,39_1,1.0
15,1.0,0.0,1.0,1.0,1.0,1.0,39_1,0.0
16,-1.0,-1.0,-1.0,0.0,1.0,0.0,39_1,0.0
17,-1.0,-1.0,-1.0,-1.0,0.0,-1.0,39_1,-1.0
18,0.0,0.0,-1.0,-1.0,-1.0,-1.0,39_1,-1.0
19,0.0,0.0,0.0,0.0,-1.0,0.0,39_1,0.0
20,0.0,0.0,0.0,0.0,-1.0,0.0,39_1,0.0
21,-1.0,-1.0,-1.0,-1.0,-1.0,0.0,39_1,0.0
22,-1.0,-1.0,-1.0,-1.0,-1.0,0.0,39_1,0.0
23,-1.0,-1.0,-1.0,-2.0,-2.0,0.0,39_1,0.0
24,-1.0,-1.0,-1.0,-2.0,-2.0,0.0,39_1,0.0
25,0.0,0.0,-1.0,-1.0,-2.0,-1.0,39_1,-1.0
26,-1.0,0.0,-1.0,-1.0,-1.0,-1.0,39_1,-1.0
27,-1.0,0.0,-1.0,0.0,-1.0,-1.0,39_1,-1.0
28,-1.0,-1.0,-1.0,0.0,0.0,-1.0,39_1,0.0
29,0.0,0.0,0.0,0.0,-1.0,0.0,39_1,0.0
30,0.0,0.0,0.0,0.0,-1.0,0.0,39_1,0.0
31,-1.0,0.0,-1.0,-1.0,-1.0,-1.0,39_1,0.0
32,-1.0,0.0,-1.0,-1.0,-1.0,-1.0,39_1,0.0
33,-1.0,0.0,1.0,1.0,-1.0,-1.0,39_1,0.0
34,1.0,1.0,1.0,1.0,1.0,0.0,39_1,0.0
35,0.0,0.0,0.0,1.0,1.0,0.0,39_1,0.0
36,0.0,-1.0,-1.0,1.0,0.0,0.0,39_1,1.0
37,1.0,1.0,-1.0,0.0,1.0,1.0,39_1,0.0
38,0.0,0.0,0.0,0.0,1.0,0.0,39_1,0.0
39,0.0,-1.0,-1.0,0.0,-1.0,0.0,39_1,0.0
40,1.0,-1.0,-1.0,0.0,1.0,-1.0,39_1,0.0
41,1.0,1.0,1.0,2.0,2.0,-1.0,39_1,1.0
42,0.0,0.0,1.0,1.0,0.0,0.0,39_1,1.0
43,0.0,0.0,1.0,1.0,0.0,0.0,39_1,0.0
44,0.0,0.0,0.0,1.0,1.0,0.0,39_1,1.0
45,0.0,0.0,0.0,0.0,-1.0,0.0,39_1,1.0
46,0.0,0.0,0.0,0.0,0.0,0.0,39_1,1.0
47,0.0,-1.0,0.0,1.0,0.0,1.0,39_1,1.0
48,0.0,-1.0,-1.0,0.0,0.0,0.0,39_1,0.0
49,0.0,-1.0,-1.0,0.0,0.0,0.0,39_1,0.0
50,0.0,-1.0,-1.0,-1.0,-1.0,0.0,39_1,0.0
51,-1.0,0.0,-1.0,-1.0,-1.0,0.0,39_1,0.0
52,0.0,0.0,0.0,-1.0,0.0,0.0,39_1,0.0
53,0.0,0.0,0.0,0.0,1.0,-1.0,39_1,1.0
54,1.0,0.0,2.0,1.0,2.0,0.0,39_1,1.0
55,2.0,1.0,1.0,1.0,2.0,1.0,39_1,1.0
56,0.0,0.0,0.0,1.0,1.0,0.0,39_1,1.0
57,0.0,0.0,0.0,1.0,1.0,0.0,39_1,1.0
58,0.0,-1.0,-1.0,0.0,0.0,0.0,39_1,0.0
59,0.0,0.0,0.0,0.0,1.0,0.0,39_1,0.0
60,0.0,0.0,0.0,1.0,1.0,0.0,39_1,1.0
61,0.0,0.0,1.0,1.0,1.0,0.0,39_1,1.0
62,0.0,1.0,1.0,1.0,2.0,1.0,39_1,1.0
0,0.0,0.0,0.0,0.0,0.0,0.0,39_2,0.0
1,2.0,2.0,2.0,2.0,2.0,2.0,39_2,2.0
2,2.0,0.0,1.0,2.0,2.0,2.0,39_2,2.0
3,2.0,2.0,2.0,2.0,2.0,2.0,39_2,2.0
4,2.0,2.0,2.0,2.0,2.0,2.0,39_2,2.0
5,2.0,2.0,2.0,2.0,2.0,2.0,39_2,2.0
6,2.0,1.0,2.0,2.0,2.0,2.0,39_2,2.0
7,2.0,0.0,0.0,2.0,2.0,2.0,39_2,2.0
8,2.0,0.0,0.0,2.0,2.0,2.0,39_2,2.0
9,2.0,1.0,2.0,2.0,2.0,2.0,39_2,2.0
10,2.0,2.0,2.0,2.0,2.0,2.0,39_2,2.0
11,2.0,2.0,2.0,2.0,2.0,2.0,39_2,2.0
12,2.0,2.0,2.0,2.0,2.0,2.0,39_2,2.0
13,2.0,2.0,2.0,2.0,2.0,2.0,39_2,2.0
14,2.0,1.0,1.0,2.0,2.0,2.0,39_2,1.0
15,2.0,2.0,2.0,2.0,2.0,2.0,39_2,2.0
16,2.0,2.0,2.0,2.0,2.0,2.0,39_2,2.0
17,2.0,1.0,1.0,2.0,2.0,2.0,39_2,2.0
18,2.0,2.0,2.0,2.0,2.0,2.0,39_2,2.0
19,2.0,1.0,1.0,2.0,2.0,2.0,39_2,2.0
20,2.0,2.0,2.0,2.0,2.0,2.0,39_2,2.0
21,2.0,1.0,2.0,2.0,2.0,2.0,39_2,2.0
22,2.0,0.0,1.0,2.0,2.0,2.0,39_2,2.0
23,2.0,2.0,2.0,2.0,2.0,2.0,39_2,2.0
24,2.0,2.0,2.0,2.0,2.0,2.0,39_2,2.0
25,2.0,2.0,2.0,2.0,2.0,2.0,39_2,2.0
26,2.0,0.0,1.0,2.0,2.0,2.0,39_2,2.0
27,2.0,1.0,1.0,2.0,2.0,2.0,39_2,2.0
28,2.0,2.0,2.0,2.0,2.0,2.0,39_2,2.0
29,2.0,0.0,0.0,2.0,2.0,2.0,39_2,2.0
30,2.0,0.0,0.0,2.0,2.0,2.0,39_2,2.0
31,2.0,2.0,2.0,2.0,2.0,2.0,39_2,2.0
32,2.0,0.0,1.0,2.0,2.0,2.0,39_2,2.0
33,2.0,0.0,1.0,2.0,2.0,2.0,39_2,2.0
34,2.0,0.0,0.0,2.0,2.0,2.0,39_2,2.0
35,2.0,0.0,0.0,2.0,2.0,2.0,39_2,2.0
36,2.0,2.0,2.0,2.0,2.0,2.0,39_2,2.0
37,2.0,2.0,2.0,2.0,2.0,2.0,39_2,2.0
38,2.0,2.0,2.0,2.0,2.0,2.0,39_2,2.0
39,2.0,1.0,1.0,2.0,2.0,2.0,39_2,2.0
40,2.0,0.0,1.0,2.0,2.0,2.0,39_2,2.0
41,2.0,1.0,1.0,2.0,2.0,2.0,39_2,2.0
42,2.0,2.0,1.0,2.0,2.0,2.0,39_2,2.0
43,2.0,2.0,2.0,2.0,2.0,2.0,39_2,2.0
44,2.0,0.0,1.0,2.0,2.0,2.0,39_2,2.0
45,2.0,0.0,1.0,2.0,2.0,2.0,39_2,2.0
46,2.0,0.0,1.0,2.0,2.0,2.0,39_2,2.0
47,2.0,0.0,1.0,2.0,2.0,2.0,39_2,2.0
48,2.0,2.0,2.0,2.0,2.0,2.0,39_2,2.0
49,2.0,0.0,0.0,2.0,2.0,2.0,39_2,2.0
50,2.0,0.0,0.0,2.0,2.0,1.0,39_2,2.0
51,2.0,0.0,0.0,2.0,2.0,1.0,39_2,2.0
52,2.0,0.0,0.0,2.0,2.0,1.0,39_2,2.0
53,2.0,0.0,0.0,2.0,2.0,1.0,39_2,2.0
54,2.0,2.0,2.0,2.0,2.0,2.0,39_2,2.0
55,2.0,0.0,1.0,2.0,2.0,2.0,39_2,2.0
56,2.0,0.0,0.0,2.0,2.0,2.0,39_2,2.0
57,2.0,0.0,0.0,2.0,2.0,2.0,39_2,2.0
58,2.0,0.0,0.0,2.0,2.0,2.0,39_2,2.0
59,2.0,2.0,2.0,2.0,2.0,2.0,39_2,2.0
60,2.0,0.0,0.0,2.0,2.0,2.0,39_2,2.0
61,2.0,0.0,1.0,2.0,2.0,2.0,39_2,2.0
62,2.0,0.0,0.0,2.0,2.0,2.0,39_2,2.0
63,2.0,0.0,0.0,2.0,2.0,2.0,39_2,2.0
64,2.0,2.0,2.0,2.0,2.0,2.0,39_2,2.0
65,2.0,0.0,1.0,2.0,2.0,2.0,39_2,2.0
66,2.0,1.0,1.0,2.0,2.0,2.0,39_2,2.0
67,2.0,1.0,1.0,2.0,2.0,2.0,39_2,2.0
68,2.0,1.0,1.0,2.0,2.0,2.0,39_2,2.0
69,2.0,1.0,2.0,2.0,2.0,2.0,39_2,2.0
70,2.0,2.0,2.0,2.0,2.0,2.0,39_2,2.0
71,2.0,2.0,2.0,2.0,2.0,2.0,39_2,2.0
72,2.0,2.0,2.0,2.0,2.0,2.0,39_2,2.0
73,2.0,2.0,2.0,2.0,2.0,2.0,39_2,2.0
74,2.0,0.0,1.0,2.0,2.0,2.0,39_2,2.0
75,2.0,2.0,2.0,2.0,2.0,2.0,39_2,2.0
76,2.0,2.0,2.0,2.0,2.0,2.0,39_2,2.0
77,2.0,2.0,2.0,2.0,2.0,2.0,39_2,2.0
78,2.0,2.0,2.0,2.0,2.0,2.0,39_2,2.0
0,0.0,0.0,0.0,0.0,0.0,1.0,39_3,3.0
1,0.0,0.0,0.0,0.0,0.0,1.0,39_3,5.0
2,0.0,1.0,1.0,1.0,1.0,1.0,39_3,3.0
3,0.0,0.0,0.0,0.0,0.0,0.0,39_3,0.0
4,0.0,0.0,0.0,0.0,0.0,1.0,39_3,2.0
5,0.0,0.0,0.0,0.0,0.0,1.0,39_3,6.0
6,0.0,1.0,1.0,1.0,1.0,1.0,39_3,7.0
7,0.0,0.0,0.0,0.0,0.0,1.0,39_3,15.0
8,0.0,1.0,0.0,0.0,-1.0,1.0,39_3,19.0
9,0.0,1.0,0.0,0.0,-1.0,1.0,39_3,0.0
10,0.0,1.0,1.0,1.0,0.0,0.0,39_3,0.0
11,0.0,0.0,0.0,0.0,0.0,0.0,39_3,0.0
12,0.0,0.0,0.0,0.0,0.0,0.0,39_3,0.0
13,0.0,0.0,0.0,0.0,0.0,0.0,39_3,0.0
14,0.0,0.0,0.0,0.0,0.0,1.0,39_3,4.0
15,0.0,1.0,1.0,1.0,1.0,1.0,39_3,9.0
16,0.0,1.0,1.0,1.0,1.0,1.0,39_3,10.0
17,0.0,0.0,-1.0,0.0,-2.0,0.0,39_3,0.0
18,0.0,0.0,0.0,0.0,0.0,0.0,39_3,0.0
19,0.0,0.0,0.0,0.0,0.0,1.0,39_3,18.0
20,0.0,0.0,-1.0,0.0,-1.0,1.0,39_3,714.0
21,0.0,0.0,0.0,0.0,0.0,1.0,39_3,142.0
22,0.0,0.0,0.0,0.0,0.0,1.0,39_3,159.0
23,0.0,0.0,0.0,0.0,-1.0,0.0,39_3,0.0
24,0.0,0.0,0.0,0.0,0.0,1.0,39_3,196.0
25,0.0,0.0,0.0,0.0,0.0,0.0,39_3,0.0
26,0.0,0.0,-1.0,0.0,0.0,0.0,39_3,0.0
27,0.0,1.0,1.0,1.0,1.0,0.0,39_3,0.0
28,1.0,1.0,1.0,1.0,0.0,0.0,39_3,0.0
29,0.0,1.0,1.0,1.0,0.0,-2.0,39_3,0.0
30,0.0,1.0,-1.0,0.0,0.0,-2.0,39_3,0.0
31,0.0,-1.0,-1.0,0.0,0.0,0.0,39_3,0.0
32,0.0,1.0,0.0,0.0,0.0,1.0,39_3,0.0
33,0.0,0.0,-1.0,0.0,-1.0,0.0,39_3,0.0
34,0.0,0.0,-1.0,0.0,-2.0,0.0,39_3,0.0
35,0.0,0.0,-1.0,-1.0,-1.0,-1.0,39_3,0.0
36,0.0,0.0,0.0,0.0,0.0,0.0,39_3,0.0
37,0.0,0.0,0.0,0.0,0.0,0.0,39_3,0.0
38,0.0,0.0,0.0,0.0,0.0,1.0,39_3,7.0
39,0.0,0.0,0.0,0.0,0.0,1.0,39_3,19.0
40,0.0,0.0,0.0,0.0,0.0,0.0,39_3,0.0
41,0.0,0.0,0.0,0.0,0.0,1.0,39_3,2.0
42,0.0,0.0,0.0,0.0,0.0,1.0,39_3,22.0
43,0.0,0.0,0.0,0.0,0.0,1.0,39_3,5.0
44,0.0,0.0,0.0,0.0,0.0,1.0,39_3,0.0
45,0.0,1.0,1.0,0.0,0.0,0.0,39_3,0.0
46,0.0,0.0,1.0,0.0,0.0,0.0,39_3,0.0
47,0.0,0.0,1.0,0.0,0.0,1.0,39_3,15.0
48,0.0,1.0,1.0,1.0,0.0,1.0,39_3,3.0
49,0.0,0.0,0.0,0.0,0.0,1.0,39_3,1350.0
0,1.0,0.0,0.0,0.0,0.0,0.0,44_1,0.0
1,0.0,0.0,0.0,0.0,0.0,0.0,44_1,0.0
2,0.0,0.0,0.0,-1.0,-1.0,0.0,44_1,0.0
3,1.0,0.0,0.0,0.0,0.0,0.0,44_1,0.0
4,0.0,0.0,0.0,0.0,0.0,0.0,44_1,0.0
5,1.0,0.0,1.0,1.0,0.0,0.0,44_1,0.0
6,0.0,0.0,0.0,0.0,1.0,0.0,44_1,0.0
7,1.0,0.0,0.0,0.0,0.0,0.0,44_1,0.0
8,1.0,0.0,0.0,0.0,0.0,0.0,44_1,0.0
9,1.0,0.0,0.0,0.0,0.0,0.0,44_1,0.0
10,0.0,0.0,0.0,0.0,0.0,0.0,44_1,0.0
11,1.0,0.0,1.0,1.0,0.0,0.0,44_1,0.0
12,1.0,1.0,1.0,0.0,-1.0,-1.0,44_1,0.0
13,1.0,0.0,1.0,1.0,0.0,0.0,44_1,1.0
14,1.0,1.0,0.0,1.0,1.0,0.0,44_1,0.0
15,1.0,1.0,1.0,1.0,0.0,0.0,44_1,0.0
16,0.0,1.0,0.0,0.0,0.0,0.0,44_1,0.0
17,0.0,0.0,1.0,1.0,1.0,-1.0,44_1,0.0
18,1.0,1.0,1.0,1.0,1.0,0.0,44_1,1.0
19,0.0,1.0,1.0,1.0,1.0,0.0,44_1,1.0
20,1.0,1.0,1.0,1.0,2.0,1.0,44_1,1.0
21,1.0,1.0,1.0,1.0,1.0,0.0,44_1,1.0
22,1.0,1.0,0.0,1.0,1.0,0.0,44_1,0.0
23,0.0,1.0,1.0,1.0,1.0,1.0,44_1,1.0
24,0.0,1.0,0.0,1.0,1.0,0.0,44_1,0.0
25,-1.0,1.0,0.0,0.0,0.0,0.0,44_1,0.0
26,0.0,1.0,1.0,1.0,0.0,0.0,44_1,0.0
27,1.0,1.0,1.0,1.0,1.0,1.0,44_1,1.0
28,0.0,1.0,1.0,1.0,1.0,-1.0,44_1,1.0
29,1.0,1.0,1.0,1.0,1.0,0.0,44_1,1.0
30,1.0,2.0,1.0,1.0,1.0,0.0,44_1,1.0
31,0.0,-1.0,0.0,1.0,0.0,-1.0,44_1,0.0
32,1.0,0.0,1.0,1.0,1.0,0.0,44_1,1.0
33,1.0,1.0,0.0,1.0,1.0,0.0,44_1,1.0
34,1.0,1.0,0.0,1.0,1.0,0.0,44_1,0.0
35,1.0,0.0,1.0,1.0,1.0,0.0,44_1,1.0
36,1.0,-1.0,1.0,1.0,1.0,0.0,44_1,1.0
37,0.0,-1.0,-1.0,0.0,0.0,-1.0,44_1,0.0
38,0.0,-1.0,0.0,1.0,1.0,-1.0,44_1,0.0
39,1.0,0.0,1.0,1.0,1.0,0.0,44_1,1.0
40,0.0,-1.0,1.0,1.0,1.0,0.0,44_1,1.0
41,1.0,0.0,1.0,0.0,1.0,0.0,44_1,0.0
42,0.0,-1.0,-1.0,0.0,-1.0,-1.0,44_1,0.0
43,1.0,-1.0,1.0,1.0,1.0,1.0,44_1,1.0
44,0.0,0.0,1.0,1.0,1.0,0.0,44_1,1.0
45,1.0,1.0,1.0,1.0,0.0,1.0,44_1,1.0
46,0.0,0.0,0.0,1.0,0.0,-1.0,44_1,0.0
47,1.0,0.0,1.0,1.0,2.0,0.0,44_1,1.0
48,0.0,-1.0,1.0,1.0,1.0,0.0,44_1,1.0
49,1.0,0.0,1.0,1.0,1.0,0.0,44_1,1.0
50,-1.0,-1.0,0.0,0.0,-1.0,0.0,44_1,0.0
51,1.0,1.0,0.0,1.0,1.0,0.0,44_1,1.0
52,0.0,1.0,1.0,1.0,1.0,0.0,44_1,1.0
53,0.0,0.0,1.0,1.0,1.0,0.0,44_1,1.0
54,1.0,1.0,1.0,1.0,0.0,1.0,44_1,1.0
55,1.0,1.0,1.0,1.0,1.0,1.0,44_1,1.0
56,0.0,-2.0,0.0,0.0,-1.0,-1.0,44_1,0.0
57,0.0,1.0,1.0,1.0,1.0,0.0,44_1,1.0
0,0.0,0.0,0.0,0.0,0.0,0.0,44_2,0.0
1,1.0,0.0,1.0,0.0,0.0,0.0,44_2,0.0
2,1.0,0.0,1.0,0.0,0.0,1.0,44_2,0.0
3,0.0,0.0,0.0,0.0,0.0,0.0,44_2,0.0
4,0.0,0.0,1.0,0.0,0.0,0.0,44_2,0.0
5,0.0,0.0,1.0,0.0,0.0,0.0,44_2,0.0
6,0.0,-1.0,-1.0,1.0,0.0,0.0,44_2,0.0
7,0.0,0.0,0.0,1.0,0.0,0.0,44_2,0.0
8,-1.0,0.0,-1.0,0.0,-1.0,-1.0,44_2,0.0
9,-1.0,0.0,-1.0,-1.0,-1.0,-1.0,44_2,-1.0
10,0.0,-1.0,0.0,0.0,0.0,0.0,44_2,0.0
11,0.0,0.0,1.0,0.0,0.0,-1.0,44_2,0.0
12,0.0,0.0,1.0,1.0,1.0,-1.0,44_2,0.0
13,0.0,0.0,-1.0,0.0,0.0,0.0,44_2,0.0
14,0.0,0.0,1.0,0.0,1.0,0.0,44_2,0.0
15,1.0,0.0,1.0,1.0,1.0,0.0,44_2,0.0
16,1.0,0.0,1.0,1.0,1.0,0.0,44_2,0.0
17,1.0,0.0,0.0,1.0,1.0,0.0,44_2,0.0
18,1.0,0.0,0.0,0.0,0.0,0.0,44_2,0.0
19,1.0,0.0,1.0,1.0,0.0,0.0,44_2,0.0
20,0.0,0.0,0.0,-1.0,0.0,0.0,44_2,1.0
21,0.0,0.0,0.0,-1.0,0.0,0.0,44_2,0.0
22,0.0,0.0,0.0,0.0,0.0,0.0,44_2,0.0
23,0.0,0.0,-1.0,-1.0,-1.0,0.0,44_2,0.0
24,0.0,0.0,0.0,-1.0,0.0,0.0,44_2,0.0
25,0.0,0.0,0.0,0.0,0.0,0.0,44_2,0.0
26,1.0,0.0,-1.0,0.0,0.0,0.0,44_2,0.0
27,1.0,0.0,0.0,-1.0,-1.0,0.0,44_2,0.0
28,0.0,0.0,0.0,0.0,0.0,0.0,44_2,0.0
29,0.0,0.0,0.0,-1.0,0.0,0.0,44_2,-1.0
30,0.0,0.0,0.0,0.0,0.0,0.0,44_2,0.0
31,1.0,0.0,0.0,0.0,0.0,0.0,44_2,0.0
32,0.0,0.0,0.0,-1.0,-1.0,0.0,44_2,0.0
33,0.0,0.0,-1.0,-1.0,0.0,0.0,44_2,-1.0
34,0.0,0.0,0.0,-1.0,-1.0,0.0,44_2,0.0
35,0.0,0.0,0.0,-1.0,0.0,0.0,44_2,0.0
36,0.0,0.0,1.0,1.0,1.0,1.0,44_2,0.0
37,0.0,1.0,1.0,1.0,0.0,0.0,44_2,0.0
38,1.0,1.0,1.0,1.0,0.0,1.0,44_2,1.0
39,1.0,1.0,1.0,1.0,1.0,1.0,44_2,1.0
40,0.0,1.0,1.0,1.0,1.0,0.0,44_2,1.0
41,1.0,0.0,1.0,0.0,0.0,-1.0,44_2,1.0
42,1.0,2.0,1.0,1.0,2.0,0.0,44_2,1.0
43,1.0,0.0,1.0,1.0,1.0,-1.0,44_2,1.0
44,1.0,0.0,1.0,0.0,0.0,-1.0,44_2,1.0
45,1.0,-1.0,1.0,1.0,1.0,0.0,44_2,1.0
46,1.0,0.0,1.0,1.0,1.0,1.0,44_2,
0,0.0,0.0,0.0,1.0,0.0,1.0,44_3,0.0
1,0.0,0.0,1.0,-1.0,-1.0,1.0,44_3,0.0
2,-2.0,-2.0,-1.0,-2.0,-2.0,1.0,44_3,0.0
3,-2.0,-1.0,-1.0,-2.0,-2.0,0.0,44_3,0.0
4,-1.0,-1.0,-1.0,-1.0,-2.0,0.0,44_3,-1.0
5,-1.0,0.0,1.0,-1.0,0.0,-1.0,44_3,-1.0
6,-1.0,0.0,0.0,0.0,0.0,-1.0,44_3,0.0
7,-1.0,0.0,-1.0,0.0,-1.0,1.0,44_3,0.0
8,0.0,1.0,1.0,1.0,0.0,-1.0,44_3,1.0
9,-1.0,0.0,1.0,0.0,1.0,-1.0,44_3,0.0
10,0.0,1.0,1.0,1.0,0.0,0.0,44_3,1.0
11,-1.0,0.0,1.0,-1.0,-2.0,-1.0,44_3,0.0
12,-2.0,0.0,-1.0,-1.0,-1.0,-1.0,44_3,0.0
13,-1.0,1.0,1.0,-1.0,-1.0,1.0,44_3,0.0
14,-2.0,-1.0,-1.0,-2.0,-1.0,1.0,44_3,0.0
15,-1.0,0.0,1.0,-1.0,0.0,0.0,44_3,-1.0
16,-1.0,0.0,0.0,1.0,0.0,1.0,44_3,1.0
17,-1.0,-1.0,0.0,0.0,-1.0,0.0,44_3,0.0
18,-1.0,-1.0,0.0,-1.0,-2.0,-1.0,44_3,0.0
19,0.0,0.0,1.0,0.0,-1.0,-1.0,44_3,0.0
20,-1.0,0.0,0.0,0.0,-1.0,-1.0,44_3,0.0
21,-1.0,-1.0,0.0,0.0,0.0,-1.0,44_3,0.0
22,-2.0,-1.0,-1.0,0.0,0.0,1.0,44_3,0.0
23,-1.0,-1.0,1.0,-1.0,-2.0,0.0,44_3,0.0
24,1.0,1.0,1.0,1.0,0.0,-1.0,44_3,1.0
25,-2.0,0.0,0.0,-1.0,-1.0,0.0,44_3,0.0
26,-2.0,0.0,1.0,0.0,-1.0,1.0,44_3,1.0
27,-2.0,0.0,-1.0,-2.0,-2.0,-1.0,44_3,1.0
28,-2.0,0.0,-1.0,-2.0,-2.0,-1.0,44_3,0.0
29,-1.0,-1.0,1.0,0.0,-1.0,0.0,44_3,1.0
30,0.0,0.0,1.0,1.0,0.0,-1.0,44_3,1.0
31,-1.0,0.0,0.0,1.0,0.0,-1.0,44_3,0.0
32,0.0,1.0,1.0,1.0,0.0,0.0,44_3,1.0
33,0.0,0.0,1.0,1.0,1.0,0.0,44_3,0.0
0,0.0,0.0,0.0,1.0,0.0,0.0,44_5,0.0
1,0.0,0.0,1.0,1.0,0.0,0.0,44_5,0.0
2,0.0,0.0,1.0,1.0,0.0,0.0,44_5,0.0
3,1.0,0.0,1.0,0.0,0.0,0.0,44_5,0.0
4,0.0,0.0,0.0,1.0,0.0,0.0,44_5,0.0
5,0.0,0.0,0.0,1.0,0.0,0.0,44_5,0.0
6,0.0,0.0,0.0,1.0,0.0,0.0,44_5,0.0
7,0.0,0.0,0.0,0.0,0.0,0.0,44_5,0.0
8,0.0,0.0,0.0,1.0,0.0,0.0,44_5,0.0
9,1.0,0.0,0.0,0.0,0.0,0.0,44_5,0.0
10,1.0,0.0,0.0,0.0,0.0,0.0,44_5,0.0
11,1.0,0.0,0.0,1.0,0.0,0.0,44_5,0.0
12,0.0,0.0,0.0,0.0,0.0,0.0,44_5,0.0
13,1.0,0.0,0.0,0.0,0.0,0.0,44_5,0.0
14,0.0,0.0,0.0,0.0,0.0,0.0,44_5,0.0
15,0.0,0.0,0.0,0.0,0.0,0.0,44_5,0.0
16,1.0,1.0,0.0,1.0,0.0,0.0,44_5,1.0
17,0.0,-1.0,-1.0,0.0,-1.0,-1.0,44_5,0.0
18,1.0,0.0,-1.0,0.0,0.0,0.0,44_5,0.0
19,0.0,0.0,0.0,0.0,0.0,0.0,44_5,0.0
20,0.0,0.0,0.0,0.0,0.0,0.0,44_5,0.0
21,1.0,0.0,-1.0,0.0,0.0,0.0,44_5,0.0
22,1.0,0.0,0.0,0.0,1.0,0.0,44_5,0.0
23,1.0,0.0,1.0,1.0,1.0,0.0,44_5,0.0
24,1.0,0.0,0.0,1.0,1.0,0.0,44_5,0.0
25,0.0,0.0,0.0,1.0,1.0,0.0,44_5,1.0
26,0.0,0.0,1.0,1.0,1.0,0.0,44_5,1.0
27,1.0,0.0,0.0,1.0,0.0,1.0,44_5,1.0
28,1.0,2.0,1.0,1.0,1.0,0.0,44_5,1.0
29,1.0,0.0,1.0,1.0,1.0,0.0,44_5,1.0
30,1.0,1.0,2.0,1.0,1.0,0.0,44_5,2.0
31,1.0,2.0,1.0,2.0,1.0,0.0,44_5,2.0
32,1.0,2.0,1.0,2.0,2.0,1.0,44_5,1.0
33,2.0,1.0,1.0,2.0,2.0,1.0,44_5,2.0
34,2.0,2.0,1.0,2.0,2.0,1.0,44_5,2.0
35,1.0,1.0,1.0,2.0,2.0,1.0,44_5,1.0
36,1.0,1.0,0.0,1.0,1.0,1.0,44_5,1.0
37,2.0,2.0,1.0,2.0,1.0,1.0,44_5,2.0
38,2.0,2.0,1.0,2.0,2.0,1.0,44_5,2.0
39,2.0,2.0,2.0,2.0,1.0,0.0,44_5,2.0
40,1.0,2.0,2.0,2.0,2.0,0.0,44_5,2.0
41,1.0,0.0,0.0,1.0,1.0,0.0,44_5,1.0
42,1.0,0.0,1.0,1.0,1.0,0.0,44_5,1.0
43,2.0,0.0,2.0,2.0,2.0,0.0,44_5,2.0
44,1.0,1.0,1.0,2.0,2.0,1.0,44_5,2.0
45,1.0,0.0,1.0,1.0,1.0,-1.0,44_5,1.0
46,0.0,-1.0,0.0,1.0,1.0,-1.0,44_5,1.0
47,1.0,1.0,1.0,2.0,2.0,1.0,44_5,2.0
48,1.0,2.0,1.0,2.0,1.0,1.0,44_5,2.0
49,1.0,1.0,1.0,2.0,1.0,-1.0,44_5,1.0
50,0.0,0.0,1.0,1.0,0.0,-1.0,44_5,1.0
51,1.0,1.0,1.0,2.0,1.0,1.0,44_5,1.0
52,1.0,1.0,1.0,2.0,1.0,0.0,44_5,1.0
53,0.0,0.0,1.0,1.0,1.0,0.0,44_5,1.0
54,0.0,1.0,1.0,1.0,1.0,-1.0,44_5,1.0
55,1.0,2.0,1.0,2.0,1.0,1.0,44_5,2.0
56,2.0,2.0,2.0,2.0,2.0,1.0,44_5,2.0
57,2.0,2.0,2.0,2.0,2.0,1.0,44_5,2.0
58,2.0,1.0,1.0,2.0,2.0,1.0,44_5,2.0
59,2.0,2.0,1.0,2.0,2.0,1.0,44_5,2.0
60,1.0,2.0,2.0,2.0,2.0,0.0,44_5,2.0
61,1.0,1.0,1.0,2.0,2.0,1.0,44_5,2.0
62,1.0,1.0,1.0,1.0,1.0,0.0,44_5,1.0
63,1.0,1.0,1.0,1.0,1.0,0.0,44_5,1.0
64,1.0,1.0,1.0,2.0,2.0,1.0,44_5,2.0
65,2.0,2.0,1.0,2.0,2.0,1.0,44_5,2.0
0,0.0,0.0,0.0,1.0,0.0,0.0,44_6,0.0
1,0.0,0.0,0.0,0.0,0.0,0.0,44_6,0.0
2,0.0,0.0,0.0,1.0,0.0,0.0,44_6,0.0
3,0.0,0.0,0.0,0.0,0.0,0.0,44_6,0.0
4,0.0,0.0,0.0,1.0,1.0,0.0,44_6,0.0
5,0.0,0.0,0.0,0.0,0.0,0.0,44_6,0.0
6,0.0,0.0,0.0,1.0,0.0,0.0,44_6,0.0
7,1.0,-1.0,0.0,1.0,1.0,0.0,44_6,1.0
8,1.0,-1.0,1.0,1.0,1.0,0.0,44_6,1.0
9,0.0,0.0,-1.0,0.0,1.0,0.0,44_6,0.0
10,0.0,0.0,-1.0,1.0,0.0,-1.0,44_6,0.0
11,0.0,-1.0,1.0,1.0,0.0,-1.0,44_6,0.0
12,-1.0,-1.0,0.0,0.0,0.0,-1.0,44_6,0.0
13,-1.0,-2.0,-1.0,0.0,-1.0,0.0,44_6,0.0
14,0.0,0.0,-1.0,0.0,-1.0,-1.0,44_6,0.0
15,0.0,0.0,0.0,0.0,0.0,0.0,44_6,1.0
16,0.0,0.0,1.0,1.0,0.0,0.0,44_6,0.0
17,1.0,1.0,1.0,1.0,1.0,0.0,44_6,1.0
18,0.0,0.0,0.0,0.0,0.0,0.0,44_6,0.0
19,-1.0,-1.0,-1.0,-1.0,-2.0,-1.0,44_6,0.0
20,-1.0,-1.0,-1.0,0.0,-2.0,0.0,44_6,1.0
21,1.0,1.0,1.0,1.0,1.0,0.0,44_6,1.0
22,-1.0,0.0,0.0,0.0,-1.0,-1.0,44_6,0.0
23,0.0,1.0,1.0,0.0,-1.0,0.0,44_6,0.0
24,0.0,-1.0,-1.0,0.0,0.0,0.0,44_6,0.0
25,-1.0,-1.0,-1.0,0.0,0.0,-1.0,44_6,0.0
26,0.0,-2.0,-1.0,-1.0,-1.0,0.0,44_6,0.0
27,1.0,1.0,1.0,1.0,1.0,0.0,44_6,1.0
28,0.0,0.0,-1.0,0.0,0.0,0.0,44_6,0.0
29,0.0,-1.0,1.0,0.0,1.0,0.0,44_6,1.0
30,1.0,0.0,1.0,1.0,1.0,0.0,44_6,1.0
31,-1.0,-1.0,-1.0,-1.0,-2.0,-1.0,44_6,-1.0
32,-1.0,0.0,1.0,1.0,0.0,0.0,44_6,1.0
33,1.0,0.0,1.0,1.0,0.0,0.0,44_6,1.0
34,1.0,2.0,2.0,2.0,1.0,1.0,44_6,1.0
35,1.0,0.0,1.0,1.0,1.0,1.0,44_6,1.0
36,1.0,-1.0,0.0,1.0,1.0,1.0,44_6,1.0
37,0.0,-2.0,1.0,0.0,0.0,0.0,44_6,1.0
38,1.0,1.0,2.0,1.0,1.0,0.0,44_6,1.0
39,1.0,0.0,1.0,1.0,1.0,0.0,44_6,0.0
40,1.0,1.0,1.0,1.0,1.0,1.0,44_6,1.0
41,1.0,-1.0,1.0,1.0,1.0,1.0,44_6,1.0
42,2.0,1.0,1.0,2.0,2.0,1.0,44_6,1.0
43,1.0,2.0,2.0,2.0,2.0,1.0,44_6,1.0
44,1.0,2.0,2.0,1.0,2.0,1.0,44_6,1.0
45,1.0,0.0,1.0,1.0,1.0,1.0,44_6,1.0
46,2.0,1.0,2.0,2.0,1.0,1.0,44_6,2.0
47,2.0,2.0,1.0,2.0,2.0,2.0,44_6,2.0
48,1.0,0.0,1.0,1.0,1.0,1.0,44_6,1.0
49,2.0,1.0,1.0,2.0,2.0,1.0,44_6,2.0
50,2.0,1.0,2.0,2.0,2.0,1.0,44_6,1.0
51,2.0,0.0,1.0,1.0,2.0,1.0,44_6,1.0
52,1.0,-1.0,1.0,1.0,1.0,0.0,44_6,1.0
53,1.0,1.0,1.0,1.0,1.0,-1.0,44_6,1.0
54,0.0,0.0,0.0,0.0,0.0,-1.0,44_6,0.0
55,0.0,0.0,-1.0,0.0,0.0,-1.0,44_6,0.0
56,0.0,0.0,1.0,1.0,1.0,-1.0,44_6,0.0
57,-1.0,1.0,-1.0,0.0,0.0,-1.0,44_6,0.0
58,0.0,0.0,-1.0,0.0,-1.0,-1.0,44_6,-1.0
0,1.0,0.0,1.0,1.0,1.0,0.0,45_1,1.0
1,2.0,0.0,1.0,2.0,2.0,2.0,45_1,1.0
2,2.0,2.0,2.0,2.0,2.0,2.0,45_1,1.0
3,2.0,2.0,2.0,2.0,2.0,2.0,45_1,2.0
4,2.0,2.0,2.0,2.0,2.0,2.0,45_1,2.0
5,2.0,2.0,2.0,2.0,2.0,2.0,45_1,2.0
6,2.0,1.0,2.0,2.0,2.0,2.0,45_1,1.0
7,2.0,1.0,2.0,2.0,2.0,2.0,45_1,1.0
8,2.0,0.0,0.0,2.0,2.0,2.0,45_1,1.0
9,2.0,2.0,2.0,2.0,2.0,2.0,45_1,2.0
10,2.0,2.0,2.0,2.0,2.0,2.0,45_1,2.0
11,2.0,0.0,2.0,2.0,2.0,2.0,45_1,2.0
12,2.0,0.0,1.0,2.0,2.0,2.0,45_1,1.0
13,2.0,0.0,1.0,2.0,2.0,2.0,45_1,1.0
14,2.0,1.0,1.0,2.0,2.0,2.0,45_1,1.0
15,2.0,2.0,2.0,2.0,2.0,2.0,45_1,2.0
16,2.0,2.0,2.0,2.0,2.0,2.0,45_1,2.0
17,2.0,2.0,2.0,2.0,2.0,2.0,45_1,1.0
18,2.0,2.0,2.0,2.0,2.0,2.0,45_1,2.0
19,2.0,2.0,2.0,2.0,2.0,2.0,45_1,1.0
20,2.0,2.0,2.0,2.0,2.0,2.0,45_1,2.0
21,2.0,2.0,2.0,2.0,2.0,2.0,45_1,2.0
22,2.0,2.0,2.0,2.0,2.0,2.0,45_1,2.0
23,2.0,1.0,2.0,2.0,2.0,2.0,45_1,2.0
24,2.0,2.0,2.0,2.0,2.0,2.0,45_1,2.0
25,2.0,1.0,2.0,2.0,2.0,2.0,45_1,2.0
26,2.0,2.0,2.0,2.0,2.0,2.0,45_1,2.0
27,2.0,2.0,2.0,2.0,2.0,2.0,45_1,2.0
28,2.0,2.0,2.0,2.0,2.0,2.0,45_1,2.0
29,2.0,2.0,2.0,2.0,2.0,2.0,45_1,2.0
30,2.0,2.0,2.0,2.0,2.0,2.0,45_1,2.0
31,2.0,2.0,2.0,2.0,2.0,2.0,45_1,2.0
32,2.0,1.0,2.0,2.0,2.0,2.0,45_1,2.0
33,2.0,2.0,2.0,2.0,2.0,2.0,45_1,2.0
34,2.0,2.0,2.0,2.0,2.0,2.0,45_1,2.0
35,2.0,2.0,2.0,2.0,2.0,2.0,45_1,2.0
36,2.0,2.0,2.0,2.0,2.0,2.0,45_1,2.0
37,2.0,2.0,2.0,2.0,2.0,2.0,45_1,2.0
38,2.0,2.0,2.0,2.0,2.0,2.0,45_1,2.0
39,2.0,2.0,2.0,2.0,2.0,2.0,45_1,2.0
40,2.0,0.0,2.0,2.0,2.0,2.0,45_1,2.0
41,2.0,0.0,2.0,2.0,2.0,2.0,45_1,1.0
42,2.0,2.0,2.0,2.0,2.0,2.0,45_1,2.0
43,2.0,2.0,2.0,2.0,2.0,2.0,45_1,2.0
44,2.0,2.0,2.0,2.0,2.0,2.0,45_1,2.0
45,2.0,2.0,2.0,2.0,2.0,2.0,45_1,2.0
46,2.0,0.0,0.0,2.0,2.0,2.0,45_1,2.0
47,2.0,0.0,1.0,2.0,2.0,2.0,45_1,1.0
48,2.0,0.0,1.0,2.0,2.0,2.0,45_1,1.0
49,2.0,1.0,2.0,2.0,2.0,2.0,45_1,2.0
50,2.0,0.0,2.0,2.0,2.0,2.0,45_1,1.0
51,2.0,0.0,1.0,2.0,2.0,2.0,45_1,2.0
52,2.0,1.0,1.0,2.0,2.0,2.0,45_1,2.0
53,2.0,0.0,1.0,2.0,2.0,2.0,45_1,1.0
54,2.0,0.0,1.0,2.0,2.0,2.0,45_1,2.0
55,2.0,2.0,2.0,2.0,2.0,2.0,45_1,2.0
56,2.0,2.0,2.0,2.0,2.0,2.0,45_1,2.0
57,2.0,1.0,2.0,2.0,2.0,2.0,45_1,2.0
58,2.0,0.0,1.0,2.0,2.0,2.0,45_1,2.0
59,2.0,0.0,0.0,2.0,2.0,2.0,45_1,2.0
60,2.0,1.0,1.0,2.0,2.0,2.0,45_1,2.0
61,2.0,2.0,2.0,2.0,2.0,2.0,45_1,2.0
62,2.0,0.0,1.0,2.0,2.0,2.0,45_1,2.0
63,2.0,0.0,1.0,2.0,2.0,2.0,45_1,1.0
64,2.0,2.0,2.0,2.0,2.0,2.0,45_1,2.0
65,2.0,1.0,2.0,2.0,2.0,2.0,45_1,1.0
66,2.0,1.0,2.0,2.0,2.0,2.0,45_1,1.0
67,2.0,1.0,2.0,2.0,2.0,2.0,45_1,1.0
68,2.0,2.0,2.0,2.0,2.0,2.0,45_1,1.0
69,2.0,2.0,2.0,2.0,2.0,2.0,45_1,1.0
70,2.0,2.0,2.0,2.0,2.0,2.0,45_1,1.0
71,2.0,2.0,2.0,2.0,2.0,2.0,45_1,1.0
72,2.0,2.0,2.0,2.0,2.0,2.0,45_1,1.0
73,2.0,1.0,1.0,2.0,2.0,2.0,45_1,1.0
74,2.0,1.0,1.0,2.0,2.0,2.0,45_1,1.0
75,2.0,2.0,2.0,2.0,2.0,2.0,45_1,1.0
76,2.0,2.0,2.0,2.0,2.0,2.0,45_1,1.0
77,2.0,0.0,1.0,2.0,2.0,2.0,45_1,1.0
78,2.0,0.0,1.0,2.0,2.0,2.0,45_1,1.0
79,2.0,2.0,2.0,2.0,2.0,2.0,45_1,2.0
80,2.0,2.0,2.0,2.0,2.0,2.0,45_1,2.0
81,2.0,2.0,2.0,2.0,2.0,2.0,45_1,2.0
0,,,,,,,45_2,
1,2.0,1.0,2.0,2.0,2.0,2.0,45_2,2.0
2,2.0,1.0,2.0,2.0,2.0,2.0,45_2,2.0
3,2.0,2.0,2.0,2.0,2.0,2.0,45_2,2.0
4,2.0,2.0,2.0,2.0,2.0,2.0,45_2,2.0
5,2.0,2.0,2.0,2.0,2.0,2.0,45_2,2.0
6,2.0,2.0,2.0,2.0,2.0,2.0,45_2,2.0
7,2.0,2.0,2.0,2.0,2.0,2.0,45_2,2.0
8,2.0,2.0,2.0,2.0,2.0,2.0,45_2,2.0
9,2.0,2.0,2.0,2.0,2.0,2.0,45_2,2.0
10,2.0,2.0,2.0,2.0,2.0,2.0,45_2,2.0
11,2.0,2.0,2.0,2.0,2.0,2.0,45_2,2.0
12,2.0,2.0,2.0,2.0,2.0,2.0,45_2,2.0
13,2.0,2.0,2.0,2.0,2.0,2.0,45_2,2.0
14,2.0,2.0,2.0,2.0,2.0,2.0,45_2,2.0
15,2.0,2.0,2.0,2.0,2.0,2.0,45_2,2.0
16,2.0,2.0,2.0,2.0,2.0,2.0,45_2,2.0
17,2.0,2.0,2.0,2.0,2.0,2.0,45_2,2.0
18,2.0,2.0,2.0,2.0,2.0,2.0,45_2,2.0
19,2.0,1.0,2.0,2.0,2.0,2.0,45_2,2.0
20,2.0,2.0,2.0,2.0,2.0,2.0,45_2,2.0
21,2.0,2.0,2.0,2.0,2.0,2.0,45_2,2.0
22,2.0,2.0,2.0,2.0,2.0,2.0,45_2,2.0
23,2.0,1.0,2.0,2.0,2.0,2.0,45_2,2.0
24,2.0,2.0,2.0,2.0,2.0,2.0,45_2,2.0
25,2.0,2.0,2.0,2.0,2.0,2.0,45_2,2.0
26,2.0,2.0,2.0,2.0,2.0,2.0,45_2,2.0
27,2.0,1.0,2.0,2.0,2.0,2.0,45_2,2.0
28,2.0,1.0,2.0,2.0,2.0,2.0,45_2,1.75
29,2.0,2.0,2.0,2.0,2.0,2.0,45_2,1.75
30,2.0,2.0,2.0,2.0,2.0,2.0,45_2,2.0
31,2.0,2.0,2.0,2.0,2.0,2.0,45_2,2.0
32,2.0,2.0,2.0,2.0,2.0,2.0,45_2,2.0
33,2.0,2.0,2.0,2.0,2.0,2.0,45_2,2.0
34,2.0,2.0,2.0,2.0,2.0,2.0,45_2,2.0
35,2.0,2.0,2.0,2.0,2.0,2.0,45_2,2.0
36,2.0,2.0,2.0,2.0,2.0,2.0,45_2,2.0
37,2.0,2.0,2.0,2.0,2.0,2.0,45_2,2.0
38,2.0,1.0,2.0,2.0,2.0,2.0,45_2,1.75
39,2.0,0.0,1.0,2.0,2.0,2.0,45_2,2.0
40,2.0,0.0,0.0,2.0,2.0,2.0,45_2,1.75
41,2.0,0.0,1.0,2.0,2.0,2.0,45_2,1.75
42,2.0,0.0,1.0,2.0,2.0,2.0,45_2,1.75
43,2.0,0.0,1.0,2.0,2.0,2.0,45_2,1.75
44,2.0,1.0,2.0,2.0,2.0,2.0,45_2,2.0
45,2.0,0.0,1.0,2.0,2.0,2.0,45_2,2.0
46,2.0,2.0,2.0,2.0,2.0,2.0,45_2,2.0
47,2.0,1.0,2.0,2.0,2.0,2.0,45_2,2.0
48,2.0,2.0,2.0,2.0,2.0,2.0,45_2,2.0
49,2.0,2.0,2.0,2.0,2.0,2.0,45_2,2.0
50,2.0,2.0,2.0,2.0,2.0,2.0,45_2,2.0
51,2.0,2.0,2.0,2.0,2.0,2.0,45_2,2.0
52,2.0,2.0,2.0,2.0,2.0,2.0,45_2,1.5
53,2.0,2.0,2.0,2.0,2.0,2.0,45_2,1.75
54,2.0,0.0,1.0,2.0,2.0,2.0,45_2,2.0
55,2.0,0.0,2.0,2.0,2.0,2.0,45_2,1.5
56,2.0,0.0,1.0,2.0,2.0,2.0,45_2,1.5
57,2.0,0.0,1.0,2.0,2.0,2.0,45_2,1.25
58,2.0,1.0,2.0,2.0,2.0,2.0,45_2,1.75
59,2.0,0.0,1.0,2.0,2.0,2.0,45_2,1.5
60,2.0,0.0,0.0,2.0,2.0,2.0,45_2,1.5
61,2.0,1.0,2.0,2.0,2.0,2.0,45_2,2.0
62,2.0,2.0,2.0,2.0,2.0,2.0,45_2,1.5
63,2.0,2.0,2.0,2.0,2.0,2.0,45_2,2.0
64,2.0,2.0,2.0,2.0,2.0,2.0,45_2,2.0
65,2.0,2.0,2.0,2.0,2.0,2.0,45_2,2.0
66,2.0,2.0,2.0,2.0,2.0,2.0,45_2,1.5
67,2.0,2.0,2.0,2.0,2.0,2.0,45_2,1.5
68,2.0,2.0,2.0,2.0,2.0,2.0,45_2,2.0
69,2.0,1.0,1.0,2.0,2.0,2.0,45_2,2.0
70,2.0,2.0,2.0,2.0,2.0,2.0,45_2,2.0
71,2.0,0.0,1.0,2.0,2.0,2.0,45_2,1.5
72,2.0,0.0,1.0,2.0,2.0,2.0,45_2,1.5
73,2.0,0.0,1.0,2.0,2.0,2.0,45_2,1.0
74,2.0,0.0,0.0,2.0,2.0,2.0,45_2,1.25
75,2.0,0.0,1.0,2.0,2.0,2.0,45_2,2.0
76,2.0,0.0,1.0,2.0,2.0,2.0,45_2,1.75
77,2.0,0.0,1.0,2.0,2.0,2.0,45_2,2.0
78,2.0,1.0,2.0,2.0,2.0,2.0,45_2,1.75
79,2.0,1.0,2.0,2.0,2.0,2.0,45_2,2.0
80,2.0,1.0,2.0,2.0,2.0,2.0,45_2,2.0
81,2.0,2.0,2.0,2.0,2.0,2.0,45_2,1.5
82,2.0,1.0,1.0,2.0,2.0,2.0,45_2,2.0
0,2.0,0.0,1.0,2.0,2.0,2.0,45_3,2.0
1,2.0,0.0,1.0,2.0,2.0,2.0,45_3,2.0
2,2.0,0.0,0.0,2.0,2.0,2.0,45_3,2.0
3,2.0,2.0,2.0,2.0,2.0,2.0,45_3,1.0
4,2.0,2.0,2.0,2.0,2.0,2.0,45_3,1.0
5,2.0,0.0,1.0,2.0,2.0,2.0,45_3,2.0
6,2.0,0.0,1.0,2.0,2.0,2.0,45_3,1.0
7,2.0,2.0,2.0,2.0,2.0,2.0,45_3,2.0
8,1.0,0.0,1.0,2.0,2.0,2.0,45_3,1.0
9,1.0,0.0,0.0,1.0,1.0,1.0,45_3,0.0
10,1.0,0.0,0.0,1.0,1.0,1.0,45_3,0.0
11,1.0,0.0,0.0,1.0,1.0,1.0,45_3,0.0
12,2.0,1.0,1.0,2.0,2.0,2.0,45_3,1.0
13,2.0,0.0,0.0,2.0,2.0,2.0,45_3,1.0
14,2.0,0.0,2.0,2.0,2.0,2.0,45_3,1.0
15,2.0,1.0,2.0,2.0,2.0,2.0,45_3,1.0
16,2.0,2.0,2.0,2.0,2.0,2.0,45_3,1.0
17,2.0,1.0,2.0,2.0,2.0,2.0,45_3,2.0
18,2.0,2.0,2.0,2.0,2.0,2.0,45_3,2.0
19,2.0,2.0,2.0,2.0,2.0,2.0,45_3,2.0
20,2.0,2.0,2.0,2.0,2.0,1.0,45_3,2.0
21,2.0,2.0,2.0,2.0,2.0,1.0,45_3,2.0
22,2.0,2.0,2.0,2.0,2.0,1.0,45_3,2.0
23,2.0,1.0,1.0,2.0,2.0,1.0,45_3,1.0
24,1.0,0.0,0.0,2.0,2.0,1.0,45_3,0.0
25,2.0,0.0,0.0,1.0,1.0,1.0,45_3,0.0
26,2.0,0.0,0.0,1.0,1.0,1.0,45_3,0.0
27,2.0,0.0,0.0,1.0,1.0,1.0,45_3,0.0
28,2.0,1.0,1.0,1.0,1.0,1.0,45_3,0.0
29,2.0,2.0,2.0,2.0,2.0,2.0,45_3,1.0
30,2.0,2.0,2.0,2.0,2.0,2.0,45_3,1.0
31,2.0,0.0,1.0,2.0,2.0,2.0,45_3,2.0
32,2.0,0.0,1.0,2.0,2.0,2.0,45_3,2.0
33,2.0,0.0,0.0,2.0,2.0,2.0,45_3,1.0
34,2.0,0.0,0.0,2.0,2.0,2.0,45_3,1.0
35,2.0,2.0,2.0,2.0,2.0,2.0,45_3,2.0
36,2.0,1.0,1.0,2.0,2.0,2.0,45_3,1.0
37,2.0,1.0,0.0,2.0,2.0,2.0,45_3,2.0
38,2.0,2.0,2.0,2.0,2.0,2.0,45_3,2.0
39,2.0,2.0,2.0,2.0,2.0,2.0,45_3,2.0
40,2.0,2.0,2.0,2.0,2.0,2.0,45_3,2.0
41,2.0,2.0,2.0,2.0,2.0,2.0,45_3,2.0
42,2.0,2.0,2.0,2.0,2.0,2.0,45_3,2.0
43,2.0,1.0,1.0,2.0,2.0,2.0,45_3,2.0
44,2.0,0.0,1.0,2.0,2.0,2.0,45_3,2.0
45,2.0,1.0,1.0,2.0,2.0,2.0,45_3,1.0
46,2.0,0.0,2.0,2.0,2.0,2.0,45_3,2.0
47,2.0,0.0,1.0,2.0,2.0,2.0,45_3,2.0
48,2.0,0.0,1.0,2.0,2.0,2.0,45_3,1.0
49,2.0,2.0,2.0,2.0,2.0,2.0,45_3,2.0
50,2.0,2.0,2.0,2.0,2.0,2.0,45_3,2.0
51,2.0,0.0,1.0,2.0,2.0,2.0,45_3,1.0
52,2.0,1.0,1.0,2.0,2.0,2.0,45_3,1.0
53,2.0,1.0,1.0,2.0,2.0,2.0,45_3,1.0
54,2.0,2.0,2.0,2.0,2.0,2.0,45_3,1.0
55,2.0,2.0,2.0,2.0,2.0,2.0,45_3,2.0
56,2.0,2.0,2.0,2.0,2.0,2.0,45_3,2.0
57,2.0,2.0,2.0,2.0,2.0,2.0,45_3,2.0
58,2.0,2.0,2.0,2.0,2.0,2.0,45_3,2.0
59,2.0,2.0,2.0,2.0,2.0,2.0,45_3,2.0
60,2.0,2.0,2.0,2.0,2.0,2.0,45_3,2.0
61,2.0,2.0,2.0,2.0,2.0,2.0,45_3,2.0
